frame_time,score
2023-10-15T15:01:24Z,0.02881953629265009
2023-10-15T15:11:33Z,0.028238926298240055
2023-10-15T15:22:03Z,0.02863281005981651
2023-10-15T15:32:33Z,0.029026617419950315
2023-10-15T15:43:26Z,0.029116851066844664
2023-10-15T15:53:36Z,0.031293800109636984
2023-10-15T16:04:29Z,0.0296416160358275
2023-10-15T16:14:33Z,0.029917986185000377
2023-10-15T16:25:23Z,0.029967145530571695
2023-10-15T16:35:40Z,0.02943205595853364
2023-10-15T16:46:26Z,0.032257952875012305
2023-10-15T16:56:37Z,0.031292303527177
2023-10-15T17:07:23Z,0.02947846396635975
2023-10-15T17:17:33Z,0.027501028986254478
2023-10-15T17:28:27Z,0.02586213610600532
2023-10-15T17:38:33Z,0.026113278720305184
2023-10-15T17:49:23Z,0.025498380422843914
2023-10-15T17:59:33Z,0.02636920251473379
2023-10-15T18:10:24Z,0.01759916662812364
2023-10-15T18:20:33Z,0.040012055306109615
2023-10-15T18:31:23Z,0.06128391656435859
2023-10-15T18:41:33Z,0.07100141360495706
2023-10-15T18:52:23Z,0.07707948031769789
2023-10-15T19:02:35Z,0.079711562719103
2023-10-15T19:13:23Z,0.0785480234482317
2023-10-15T19:23:42Z,0.07723263553522622
2023-10-15T19:34:25Z,0.0716983369340356
2023-10-15T19:44:39Z,0.061620226634825345
2023-10-15T19:55:24Z,0.047204390553061755
2023-10-15T20:05:40Z,0.02844621492742923
2023-10-15T20:16:33Z,0.00039089768316711513
2023-10-15T20:26:35Z,0.0003906120082080539
2023-10-15T20:37:27Z,0.00035722967124784006
2023-10-15T20:47:40Z,0.00036269226366267873
2023-10-15T20:58:30Z,0.00035187182631799
2023-10-15T21:08:39Z,0.0003426985597837597
2023-10-15T21:19:13Z,0.0003800832250657558
2023-10-15T21:29:36Z,0.0003675239351795626
2023-10-15T21:40:23Z,0.000348528543483159
2023-10-15T21:50:33Z,0.0003787857292633259
2023-10-15T22:01:24Z,0.0003366158976903389
2023-10-15T22:11:33Z,0.0007618672126784734
2023-10-15T22:22:07Z,0.0003227033057306438
2023-10-15T22:32:36Z,0.00035179188162014414
2023-10-15T22:43:23Z,0.0003337828436195954
2023-10-15T22:53:33Z,0.000289683266625485
2023-10-15T23:04:23Z,0.0003234677630629485
2023-10-15T23:14:33Z,0.00032250975540954217
2023-10-15T23:25:24Z,0.0003056367736415376
2023-10-15T23:35:33Z,0.00032005737983075686
2023-10-15T23:46:23Z,0.0003506460814355115
2023-10-15T23:56:33Z,0.00033310696766994456
2023-10-16T00:07:23Z,0.0003004693786843941
2023-10-16T00:17:33Z,0.00030184991953306284
2023-10-16T00:28:23Z,0.00035233643567001295
2023-10-16T00:38:33Z,0.0003355188172661659
2023-10-16T00:49:23Z,0.00029839878886484813
2023-10-16T00:59:33Z,0.0003310348276761996
2023-10-16T01:10:23Z,0.00035909895987530643
2023-10-16T01:20:33Z,0.0003290269091848822
2023-10-16T01:31:23Z,0.0003499759632757286
2023-10-16T01:41:33Z,0.00034397014553176185
2023-10-16T01:52:24Z,0.00035626989196677777
2023-10-16T02:02:33Z,0.0003506531679461247
2023-10-16T02:13:23Z,0.00030189266005019473
2023-10-16T02:23:33Z,0.0003550583201055252
2023-10-16T02:34:23Z,0.0003922729091328255
2023-10-16T02:44:33Z,0.0003412365240630502
2023-10-16T02:55:23Z,0.0003501695135968289
2023-10-16T03:05:33Z,0.00038528649548287585
2023-10-16T03:16:23Z,0.0003713781111388505
2023-10-16T03:26:33Z,0.0003813590184294372
2023-10-16T03:37:23Z,0.0003581918865169235
2023-10-16T03:47:33Z,0.000375879374098437
2023-10-16T03:58:23Z,0.0003052246487587379
2023-10-16T04:08:33Z,0.000361976968997746
2023-10-16T04:19:13Z,0.0003565936569203826
2023-10-16T04:29:33Z,0.00038689203304348533
2023-10-16T04:40:23Z,0.0003276873372256935
2023-10-16T04:50:33Z,0.0003429581032349374
2023-10-16T05:01:23Z,0.00036189946028792214
2023-10-16T05:11:33Z,0.00036258220129473204
2023-10-16T05:22:03Z,0.00034408463696884435
2023-10-16T05:32:33Z,0.00036485320649253287
2023-10-16T05:43:23Z,0.00032355058665573124
2023-10-16T05:53:33Z,0.0003559317325384982
2023-10-16T06:04:27Z,0.00034953770688504743
2023-10-16T06:14:33Z,0.0007252664926329684
2023-10-16T06:25:23Z,0.0006629195937189673
2023-10-16T06:35:33Z,0.0006363017740451512
2023-10-16T06:46:23Z,0.0005295975263135169
2023-10-16T06:56:33Z,0.0006409002550721997
2023-10-16T07:07:23Z,0.0007286155332576734
2023-10-16T07:17:33Z,0.0006443527144611535
2023-10-16T07:28:29Z,0.0005512151483899447
2023-10-16T07:38:33Z,0.000652885759052248
2023-10-16T07:49:29Z,0.0005666362812962485
2023-10-16T07:59:33Z,0.0006575646276840549
2023-10-16T08:10:24Z,0.0006521077930590858
2023-10-16T08:20:33Z,0.00044698054960671456
2023-10-16T08:31:26Z,0.00041576424890585177
2023-10-16T08:41:33Z,0.000405713140869518
2023-10-16T08:52:23Z,0.00040418865527403695
2023-10-16T09:02:37Z,0.0003956079981897645
2023-10-16T09:13:27Z,0.0004197816360626855
2023-10-16T09:23:33Z,0.0003922124523391631
2023-10-16T09:34:36Z,0.0004137359566965262
2023-10-16T09:44:33Z,0.00039010731578038263
2023-10-16T09:55:24Z,0.0007173809779490758
2023-10-16T10:05:33Z,0.0007133155353921527
2023-10-16T10:16:27Z,0.00042046769887134583
2023-10-16T10:26:33Z,0.0004094089776073152
2023-10-16T10:37:29Z,0.00043030731885659304
2023-10-16T10:47:40Z,0.00043946751963688444
2023-10-16T10:58:28Z,0.00039444891079772775
2023-10-16T11:08:33Z,0.0010272911389433129
2023-10-16T11:19:14Z,0.0008957353843079903
2023-10-16T11:29:36Z,0.0010613670681297125
2023-10-16T11:40:25Z,0.0009580282485785749
2023-10-16T11:50:33Z,0.0010689516275660363
2023-10-16T12:01:27Z,0.0011400204708696448
2023-10-16T12:11:33Z,0.0010283215618770375
2023-10-16T12:22:03Z,0.001039443618829666
2023-10-16T12:32:34Z,0.0012166976229625618
2023-10-16T12:43:30Z,0.0014280545736035605
2023-10-16T12:53:35Z,0.001417887645409399
2023-10-16T13:04:24Z,0.0013723074306042189
2023-10-16T13:14:33Z,0.001540265040080991
2023-10-16T13:25:25Z,0.001575326880056332
2023-10-16T13:35:33Z,0.0017733640696410507
2023-10-16T13:46:24Z,0.0016826226299706463
2023-10-16T13:56:33Z,0.0017991921862884994
2023-10-16T14:07:30Z,0.0018601755962699934
2023-10-16T14:17:36Z,0.0020444394881192407
2023-10-16T14:28:26Z,0.002690625615747876
2023-10-16T14:38:35Z,0.002011460639357013
2023-10-16T14:43:24Z,0.0035239319419094525
2023-10-16T14:59:33Z,0.005509849475217705
2023-10-16T15:10:23Z,0.0044772850865649775
2023-10-16T15:20:33Z,0.004528860267894757
2023-10-16T15:31:27Z,0.004294662607736321
2023-10-16T15:41:33Z,0.004706255559332988
2023-10-16T15:52:24Z,0.0042574575412076595
2023-10-16T16:02:33Z,0.00408753364648941
2023-10-16T16:13:26Z,0.004274357318843917
2023-10-16T16:23:33Z,0.003963205911225231
2023-10-16T16:34:26Z,0.003327632497598958
2023-10-16T16:44:33Z,0.0037703547186880145
2023-10-16T16:55:25Z,0.003149654562116327
2023-10-16T17:05:33Z,0.0032501601061432667
2023-10-16T17:16:25Z,0.002630177015864156
2023-10-16T17:26:33Z,0.002914084554887121
2023-10-16T17:37:23Z,0.0499744825271889
2023-10-16T17:47:33Z,0.1048047180844957
2023-10-16T17:58:23Z,0.12985290732551863
2023-10-16T18:08:34Z,0.1477298660554603
2023-10-16T18:19:14Z,0.1671821166758118
2023-10-16T18:29:33Z,0.18877130169242298
2023-10-16T18:40:23Z,0.21276922643436472
2023-10-16T18:50:33Z,0.2449122586954972
2023-10-16T19:01:23Z,0.2893647494544408
2023-10-16T19:11:33Z,0.3428365992526949
2023-10-16T19:22:03Z,0.3932713437790987
2023-10-16T19:32:33Z,0.42298815500048725
2023-10-16T19:43:24Z,0.4464075624831842
2023-10-16T19:53:39Z,0.45765301175167444
2023-10-16T20:04:23Z,0.44919305654522035
2023-10-16T20:14:40Z,0.45525804975314876
2023-10-16T20:25:33Z,0.4571359682003643
2023-10-16T20:35:33Z,0.4558191804800597
2023-10-16T20:46:31Z,0.4454256152682079
2023-10-16T20:56:37Z,0.43279331904241763
2023-10-16T21:07:29Z,0.4094330270097957
2023-10-16T21:17:42Z,0.38569503082659257
2023-10-16T21:28:32Z,0.353561730337612
2023-10-16T21:38:39Z,0.33051948865214303
2023-10-16T21:49:25Z,0.30215019381124875
2023-10-16T21:59:33Z,0.28613600256883376
2023-10-16T22:10:24Z,0.2568052516013055
2023-10-16T22:20:33Z,0.2195109156340958
2023-10-16T22:31:23Z,0.18458883006325993
2023-10-16T22:41:33Z,0.15046175155052768
2023-10-16T22:52:29Z,0.11626138567376341
2023-10-16T23:02:33Z,0.09002423231196631
2023-10-16T23:13:23Z,0.068620079630699
2023-10-16T23:23:36Z,0.047971958642074354
2023-10-16T23:34:26Z,0.02936179475598636
2023-10-16T23:44:35Z,0.015348728255746694
2023-10-16T23:55:27Z,0.00041247965123703
2023-10-17T00:05:33Z,0.0003606737154054412
2023-10-17T00:16:24Z,0.00034610318522608106
2023-10-17T00:26:36Z,0.0003581143778070997
2023-10-17T00:37:27Z,0.00033510514220916766
2023-10-17T00:47:33Z,0.00032314333374897764
2023-10-17T00:58:29Z,0.00037275023675616907
2023-10-17T01:08:33Z,0.00037466204444730705
2023-10-17T01:19:13Z,0.0003459680986175313
2023-10-17T01:29:34Z,0.0003688455694087631
2023-10-17T01:40:23Z,0.0003803773152561681
2023-10-17T01:50:33Z,0.0002921746180126391
2023-10-17T02:01:27Z,0.00029567978332427315
2023-10-17T02:11:33Z,0.00031199802418340605
2023-10-17T02:22:03Z,0.00032759587694810113
2023-10-17T02:32:33Z,0.0002822625827470695
2023-10-17T02:43:28Z,0.0002720821458920571
2023-10-17T02:53:33Z,0.00032035700635758455
2023-10-17T03:04:29Z,0.000313664461444589
2023-10-17T03:14:33Z,0.0003582454782534293
2023-10-17T03:25:31Z,0.0003540283400787113
2023-10-17T03:35:33Z,0.0003355843674893305
2023-10-17T03:46:24Z,0.0002987021801004398
2023-10-17T03:56:33Z,0.0002997137794903552
2023-10-17T04:07:28Z,0.0002649123687800133
2023-10-17T04:17:33Z,0.00033845684027535505
2023-10-17T04:28:26Z,0.00031940232050603067
2023-10-17T04:38:35Z,0.00030858697659084423
2023-10-17T04:49:24Z,0.0002938463701567841
2023-10-17T04:59:33Z,0.0003143270501868439
2023-10-17T05:10:24Z,0.00033344047657563584
2023-10-17T05:20:33Z,0.0003245650649405826
2023-10-17T05:31:29Z,0.0003406383782766761
2023-10-17T05:41:36Z,0.0003470908676426746
2023-10-17T05:52:25Z,0.00028754181169981434
2023-10-17T06:02:33Z,0.0003000836067629345
2023-10-17T06:13:24Z,0.00027528591304920916
2023-10-17T06:23:33Z,0.0003189534343494269
2023-10-17T06:34:30Z,0.00031384029548915725
2023-10-17T06:44:35Z,0.0004878934113598344
2023-10-17T06:55:31Z,0.000429664439471979
2023-10-17T07:05:33Z,0.00042293114712296245
2023-10-17T07:16:25Z,0.00047247847915031873
2023-10-17T07:26:33Z,0.0004657332283146454
2023-10-17T07:37:29Z,0.00048217991217862523
2023-10-17T07:47:35Z,0.0004585085307453539
2023-10-17T07:58:25Z,0.0004955388704967316
2023-10-17T08:08:33Z,0.00030295762972315434
2023-10-17T08:19:14Z,0.00032610394501074083
2023-10-17T08:29:33Z,0.00029922791060649234
2023-10-17T08:40:23Z,0.0002789383449095076
2023-10-17T08:50:33Z,0.0003057948914095729
2023-10-17T09:01:24Z,0.00033865836292089286
2023-10-17T09:11:33Z,0.0002846511797303425
2023-10-17T09:22:04Z,0.00033595020859969216
2023-10-17T09:32:33Z,0.00026991876707418137
2023-10-17T09:43:30Z,0.0003297807367512705
2023-10-17T09:53:33Z,0.00035696304128605
2023-10-17T10:04:24Z,0.0003042194715190659
2023-10-17T10:14:33Z,0.00032028503398417774
2023-10-17T10:25:26Z,0.00031540176381189984
2023-10-17T10:35:33Z,0.0002776497072453439
2023-10-17T10:46:24Z,0.00028537422526626145
2023-10-17T10:56:33Z,0.0003051553338268114
2023-10-17T11:07:23Z,0.0002911552677517408
2023-10-17T11:17:33Z,0.0003406908627458952
2023-10-17T11:28:28Z,0.000295413374815938
2023-10-17T11:38:34Z,0.0005308257071840186
2023-10-17T11:49:26Z,0.0004038562536356249
2023-10-17T11:59:33Z,0.0005244006780466394
2023-10-17T12:10:23Z,0.000538614225253905
2023-10-17T12:20:33Z,0.0005977566926503822
2023-10-17T12:31:23Z,0.0007849419984995712
2023-10-17T12:41:33Z,0.0008150525820914464
2023-10-17T12:52:23Z,0.0008697436135560871
2023-10-17T13:02:33Z,0.0011641907869407158
2023-10-17T13:13:23Z,0.0008725551866415358
2023-10-17T13:23:33Z,0.0005362663757066501
2023-10-17T13:34:24Z,0.0005651915189451538
2023-10-17T13:44:33Z,0.0005709816410223547
2023-10-17T13:55:24Z,0.0005539773373545684
2023-10-17T14:05:33Z,0.00032746654812942466
2023-10-17T14:16:24Z,0.0002842412693821107
2023-10-17T14:26:33Z,0.0003203855738534909
2023-10-17T14:37:26Z,0.0005144558676694925
2023-10-17T14:47:33Z,0.0004046419704997699
2023-10-17T14:58:23Z,0.00046302064492430886
2023-10-17T15:08:33Z,0.0005012483835157223
2023-10-17T15:19:14Z,0.0004224047522565377
2023-10-17T15:29:33Z,0.00027079062933295665
2023-10-17T15:40:37Z,0.0003181971707950137
2023-10-17T15:50:33Z,0.0002826437041459416
2023-10-17T16:01:25Z,0.00030718141150157317
2023-10-17T16:11:34Z,0.00032550424905017513
2023-10-17T16:22:03Z,0.00032830740690427233
2023-10-17T16:32:34Z,0.000394844869578198
2023-10-17T16:43:23Z,0.0003374151232153393
2023-10-17T16:53:34Z,0.00030951065895846807
2023-10-17T17:04:28Z,0.00030016222274003885
2023-10-17T17:14:33Z,0.0003327280608056399
2023-10-17T17:25:24Z,0.000278544157756697
2023-10-17T17:35:33Z,0.00046494064639334543
2023-10-17T17:46:24Z,0.000390889710842676
2023-10-17T17:56:33Z,0.00038791492655968607
2023-10-17T18:07:24Z,0.00039007188322732133
2023-10-17T18:17:33Z,0.0004391506197404345
2023-10-17T18:28:24Z,0.00036675061970898833
2023-10-17T18:38:33Z,0.0003808237654247495
2023-10-17T18:49:30Z,0.00035010507064094564
2023-10-17T18:59:39Z,0.0004409550225051044
2023-10-17T19:10:32Z,0.00043628589782539206
2023-10-17T19:20:33Z,0.00024988121541084793
2023-10-17T19:31:29Z,0.0002651216422965357
2023-10-17T19:41:39Z,0.0002409894162200042
2023-10-17T19:52:28Z,0.0004984208657813917
2023-10-17T20:02:38Z,0.00026086951447566584
2023-10-17T20:13:32Z,0.00027388344830833565
2023-10-17T20:23:33Z,0.00027031716184267035
2023-10-17T20:34:27Z,0.00048412205899332305
2023-10-17T20:44:36Z,0.0004431715501525744
2023-10-17T20:55:30Z,0.00038978642972171626
2023-10-17T21:05:33Z,0.00028378817560983303
2023-10-17T21:16:24Z,0.00022170524921614302
2023-10-17T21:26:35Z,0.00027892417188828415
2023-10-17T21:37:27Z,0.00025481541987815425
2023-10-17T21:47:33Z,0.0002804566298082043
2023-10-17T21:58:29Z,0.0002483135463913214
2023-10-17T22:08:44Z,0.00026922650356873794
2023-10-17T22:19:17Z,0.00028170651311745624
2023-10-17T22:29:33Z,0.0002659941689156783
2023-10-17T22:40:29Z,0.0002744268950909203
2023-10-17T22:50:33Z,0.0002942505227151426
2023-10-17T23:00:36Z,0.00028381452857117193
2023-10-17T23:11:38Z,0.0003101442372979035
2023-10-17T23:22:07Z,0.00027758194248761063
2023-10-17T23:32:33Z,0.0003032530486343074
2023-10-17T23:43:31Z,0.00026365451314631986
2023-10-17T23:53:37Z,0.00027445656985410836
2023-10-18T00:04:32Z,0.00025012813601499583
2023-10-18T00:14:41Z,0.00032404199187600744
2023-10-18T00:25:27Z,0.00027223029825454784
2023-10-18T00:35:34Z,0.0003058325384972017
2023-10-18T00:46:24Z,0.00024491844344763815
2023-10-18T00:56:34Z,0.0002641631917362133
2023-10-18T01:07:31Z,0.00033385835924830794
2023-10-18T01:17:40Z,0.0002799503872063328
2023-10-18T01:28:29Z,0.0002851319551847031
2023-10-18T01:38:39Z,0.0002675695888061869
2023-10-18T01:49:31Z,0.00030052274896744287
2023-10-18T01:59:35Z,0.0002883332863538314
2023-10-18T02:10:09Z,0.00025424694885496575
2023-10-18T02:20:34Z,0.0002832507080705791
2023-10-18T02:31:26Z,0.0002953476031393201
2023-10-18T02:41:35Z,0.0002503593334237246
2023-10-18T02:52:29Z,0.00028284611260530654
2023-10-18T03:02:35Z,0.0002112685907118042
2023-10-18T03:13:25Z,0.0002303341831539632
2023-10-18T03:23:39Z,0.0002572303698227703
2023-10-18T03:34:29Z,0.00027625565773581817
2023-10-18T03:44:40Z,0.0003069433490356887
2023-10-18T03:55:25Z,0.0002856696441774161
2023-10-18T04:05:36Z,0.0002372743130314768
2023-10-18T04:16:27Z,0.0002605497356842832
2023-10-18T04:26:34Z,0.0002542981046034536
2023-10-18T04:37:28Z,0.000251239610913855
2023-10-18T04:47:38Z,0.00027194949527153267
2023-10-18T04:58:24Z,0.00024927554020695076
2023-10-18T05:08:39Z,0.00023530736342963822
2023-10-18T05:19:20Z,0.0002634002845781026
2023-10-18T05:29:34Z,0.0003048816173544069
2023-10-18T05:40:30Z,0.00025930848905984013
2023-10-18T05:50:39Z,0.0002283010189685878
2023-10-18T06:01:30Z,0.00024707407139453266
2023-10-18T06:11:33Z,0.00028554629460206943
2023-10-18T06:22:05Z,0.00023825380167017714
2023-10-18T06:32:35Z,0.0004305934367225662
2023-10-18T06:43:28Z,0.0004614631627637893
2023-10-18T06:53:33Z,0.0004032160316924903
2023-10-18T07:04:30Z,0.00042569842951708354
2023-10-18T07:14:36Z,0.0003837372071002487
2023-10-18T07:25:30Z,0.00026618018981925355
2023-10-18T07:35:35Z,0.0004224893474769714
2023-10-18T07:46:26Z,0.000388867619330134
2023-10-18T07:56:38Z,0.00047747911965461597
2023-10-18T08:07:28Z,0.00045056942432495267
2023-10-18T08:17:38Z,0.0003640167767868193
2023-10-18T08:28:31Z,0.0003034831387757507
2023-10-18T08:38:38Z,0.00028985799340277034
2023-10-18T08:49:30Z,0.0002822794132097744
2023-10-18T08:59:37Z,0.0002494163846053701
2023-10-18T09:10:29Z,0.00024315434521207484
2023-10-18T09:20:35Z,0.000243107618532724
2023-10-18T09:31:31Z,0.0003364502505047764
2023-10-18T09:41:33Z,0.0002708860757727671
2023-10-18T09:52:31Z,0.00026730605919278943
2023-10-18T10:02:34Z,0.0004675028628866221
2023-10-18T10:13:26Z,0.00043637602938223957
2023-10-18T10:23:36Z,0.0004302526198528023
2023-10-18T10:34:30Z,0.00048021916327357103
2023-10-18T10:44:38Z,0.0004536673367298307
2023-10-18T10:55:32Z,0.0004879600688502807
2023-10-18T11:05:34Z,0.000404628240385458
2023-10-18T11:16:26Z,0.0004839138927440861
2023-10-18T11:26:35Z,0.00042533148113943936
2023-10-18T11:37:32Z,0.000445309018916022
2023-10-18T11:47:33Z,0.00024336627617007662
2023-10-18T11:58:28Z,0.00020470249572254834
2023-10-18T12:08:40Z,0.00024436613852678356
2023-10-18T12:19:14Z,0.00018524648083633946
2023-10-18T12:29:35Z,0.00018964521084550106
2023-10-18T12:40:26Z,0.00018787136865784803
2023-10-18T12:50:37Z,0.0001606850779608488
2023-10-18T13:01:26Z,0.0004100398985052716
2023-10-18T13:11:38Z,0.0005976880420788238
2023-10-18T13:22:05Z,0.0005490052643461759
2023-10-18T13:32:41Z,0.00044711475040143384
2023-10-18T13:43:26Z,0.00043071767211173796
2023-10-18T13:53:37Z,0.0003476557954105512
2023-10-18T14:04:31Z,0.0004559472000659011
2023-10-18T14:14:34Z,0.0004473138370589496
2023-10-18T14:25:29Z,0.0004700697299024875
2023-10-18T14:35:33Z,0.0004293552904465153
2023-10-18T14:46:24Z,0.0003789653280166557
2023-10-18T14:56:37Z,0.000370510235042295
2023-10-18T15:07:30Z,0.00044876214266534596
2023-10-18T15:17:33Z,0.00038817402710394856
2023-10-18T15:28:31Z,0.00044178325843292557
2023-10-18T15:38:34Z,0.0003079281525573487
2023-10-18T15:49:24Z,0.00033931607968710174
2023-10-18T15:59:33Z,0.0003381073867207815
2023-10-18T16:09:33Z,0.0003416322613900569
2023-10-18T16:20:37Z,0.00022799674191917017
2023-10-18T16:31:24Z,0.00027558398940184326
2023-10-18T16:41:35Z,0.0002088950525635785
2023-10-18T16:52:24Z,0.00021026806399472383
2023-10-18T17:02:33Z,0.00021345965121176083
2023-10-18T17:13:23Z,0.0002324461847699007
2023-10-18T17:23:35Z,0.00022511297500685612
2023-10-18T17:34:27Z,0.0002104195381590637
2023-10-18T17:44:38Z,0.00020939177266681602
2023-10-18T17:55:27Z,0.00021868285243997388
2023-10-18T18:05:33Z,0.0002327555552488218
2023-10-18T18:16:30Z,0.0006104849515239904
2023-10-18T18:26:36Z,0.00043044949197575263
2023-10-18T18:37:30Z,0.00039405693817948505
2023-10-18T18:47:34Z,0.0004355356135143083
2023-10-18T18:58:32Z,0.00041933607170793584
2023-10-18T19:08:33Z,0.0003939847443526217
2023-10-18T19:19:15Z,0.00015930564437946298
2023-10-18T19:29:36Z,0.0002601068287710121
2023-10-18T19:40:24Z,0.0002416579842055853
2023-10-18T19:50:33Z,0.0002497855475175801
2023-10-18T20:01:28Z,0.00028695075242405216
2023-10-18T20:11:33Z,0.000338761560231685
2023-10-18T20:22:03Z,0.0003881518817582868
2023-10-18T20:32:34Z,0.0003650565007657258
2023-10-18T20:43:26Z,0.0005125172641100966
2023-10-18T20:53:40Z,0.0007375919276689559
2023-10-18T21:04:26Z,0.0006074395235883327
2023-10-18T21:14:33Z,0.006432169682634466
2023-10-18T21:25:24Z,0.010434273229157432
2023-10-18T21:35:33Z,0.005507928366481384
2023-10-18T21:46:23Z,0.0006883544090274302
2023-10-18T21:56:35Z,0.0006561645989312014
2023-10-18T22:07:28Z,0.0005924570899796266
2023-10-18T22:17:39Z,0.0005145504282954738
2023-10-18T22:28:29Z,0.00043624736492394063
2023-10-18T22:38:38Z,0.0004750156714029973
2023-10-18T22:49:25Z,0.00040219114509517983
2023-10-18T22:59:37Z,0.00033451386147995095
2023-10-18T23:10:28Z,0.00036049123775717295
2023-10-18T23:20:34Z,0.0004449657660582369
2023-10-18T23:31:25Z,0.000398478477894679
2023-10-18T23:41:36Z,0.00044338923890044823
2023-10-18T23:52:24Z,0.00040269871641779
2023-10-19T00:02:34Z,0.00042388893332291427
2023-10-19T00:13:24Z,0.0004410916592878494
2023-10-19T00:23:34Z,0.0004501324966550127
2023-10-19T00:34:24Z,0.0004357922780705541
2023-10-19T00:44:35Z,0.00042773092934208796
2023-10-19T00:55:31Z,0.0003721543055043629
2023-10-19T01:05:37Z,0.0003531159518373728
2023-10-19T01:16:24Z,0.0003443036544374556
2023-10-19T01:26:34Z,0.00030289318676727514
2023-10-19T01:37:31Z,0.00025943028846098904
2023-10-19T01:47:34Z,0.00023818426528479444
2023-10-19T01:58:25Z,0.00023700325400055465
2023-10-19T02:08:37Z,0.00023317653826988733
2023-10-19T02:19:17Z,0.00023694589755528613
2023-10-19T02:29:36Z,0.00021524655915335482
2023-10-19T02:40:30Z,0.00020439511832473937
2023-10-19T02:50:34Z,0.00017562277797131257
2023-10-19T03:01:30Z,0.00026210389604295524
2023-10-19T03:11:38Z,0.00026195884402885875
2023-10-19T03:22:06Z,0.00020982648580219183
2023-10-19T03:32:34Z,0.00019580715327639553
2023-10-19T03:43:28Z,0.00014074208692349912
2023-10-19T03:53:34Z,0.00019425653617303256
2023-10-19T04:04:26Z,0.00018652537454841382
2023-10-19T04:14:33Z,0.00020132223016045787
2023-10-19T04:25:29Z,0.00021076168374956422
2023-10-19T04:35:36Z,0.00017305059607248508
2023-10-19T04:46:28Z,0.0001851131658554465
2023-10-19T04:56:34Z,0.000165853801638731
2023-10-19T05:07:27Z,0.00021023617469696662
2023-10-19T05:17:33Z,0.00016901837153405772
2023-10-19T05:28:29Z,0.00014908335282114838
2023-10-19T05:38:37Z,0.00021837768957673156
2023-10-19T05:49:32Z,0.00017942579818212208
2023-10-19T05:59:36Z,0.000196577146945119
2023-10-19T06:10:24Z,0.00019894315567581714
2023-10-19T06:20:36Z,0.00024003318019424766
2023-10-19T06:31:23Z,0.0004559270478013478
2023-10-19T06:41:34Z,0.000325851045163266
2023-10-19T06:52:23Z,0.0002855075402471581
2023-10-19T07:02:38Z,0.0005219376727019331
2023-10-19T07:13:26Z,0.0002862281497950493
2023-10-19T07:23:33Z,0.00026161669843835825
2023-10-19T07:34:24Z,0.00027184142598469526
2023-10-19T07:44:34Z,0.00022007978084443604
2023-10-19T07:55:22Z,0.00019331646624960958
2023-10-19T08:05:39Z,0.00019636765197514333
2023-10-19T08:16:30Z,0.00020124782179902742
2023-10-19T08:26:34Z,0.00018924282991479355
2023-10-19T08:37:31Z,0.00017148381286678568
2023-10-19T08:47:37Z,0.00022245819096870334
2023-10-19T08:58:29Z,0.000164277495934396
2023-10-19T09:08:42Z,0.0003525625396492353
2023-10-19T09:19:17Z,0.0003175651426297744
2023-10-19T09:29:43Z,0.00023658935749010227
2023-10-19T09:40:35Z,0.00023720721263411528
2023-10-19T09:50:34Z,0.0002705308644283244
2023-10-19T10:01:35Z,0.00023119519419336255
2023-10-19T10:11:34Z,0.00028880852547177166
2023-10-19T10:22:09Z,0.0002850896575744819
2023-10-19T10:32:34Z,0.00026032341025160387
2023-10-19T10:43:25Z,0.0002594546483412199
2023-10-19T10:53:37Z,0.0003050565655851505
2023-10-19T11:04:26Z,0.00021485060037289153
2023-10-19T11:14:36Z,0.00017955778444227636
2023-10-19T11:25:26Z,0.00024414756396508465
2023-10-19T11:35:36Z,0.00036673068889789127
2023-10-19T11:46:30Z,0.00019079898335457482
2023-10-19T11:56:35Z,0.00023840638310179872
2023-10-19T12:07:30Z,0.00025029909808351966
2023-10-19T12:17:39Z,0.000383135075151654
2023-10-19T12:28:27Z,0.0002522038192640457
2023-10-19T12:38:35Z,0.0003626349072174094
2023-10-19T12:49:27Z,0.0003061458951383434
2023-10-19T12:59:35Z,0.00020269834193999372
2023-10-19T13:10:30Z,0.0003960832373077039
2023-10-19T13:20:37Z,0.00038804912735440703
2023-10-19T13:31:32Z,0.0005072340489951366
2023-10-19T13:41:35Z,0.00040423316741881616
2023-10-19T13:52:31Z,0.00020363398279427887
2023-10-19T14:02:39Z,0.02261127886438059
2023-10-19T14:13:32Z,0.025466263913841804
2023-10-19T14:23:39Z,0.019289587298662782
2023-10-19T14:34:27Z,0.013209454646624966
2023-10-19T14:44:36Z,0.008386232022019472
2023-10-19T14:55:23Z,0.004290073427754456
2023-10-19T15:05:33Z,0.0002956702608256367
2023-10-19T15:16:25Z,0.0007360249230097986
2023-10-19T15:26:33Z,0.0003082922220400601
2023-10-19T15:37:23Z,0.0003485112701135372
2023-10-19T15:47:33Z,0.00032100675079935474
2023-10-19T15:58:26Z,0.0003965124141066626
2023-10-19T16:08:37Z,0.0004029474086495926
2023-10-19T16:19:13Z,0.0004146237636041784
2023-10-19T16:29:33Z,0.0003817910741233336
2023-10-19T16:40:26Z,0.0003830438363275207
2023-10-19T16:50:36Z,0.00038009717663352435
2023-10-19T17:01:24Z,0.00036197121120787437
2023-10-19T17:11:33Z,0.0003454164580570518
2023-10-19T17:22:04Z,0.00039592777698114096
2023-10-19T17:32:42Z,0.00035952946539500507
2023-10-19T17:43:30Z,0.00031355240599553345
2023-10-19T17:53:35Z,0.012649586868777356
2023-10-19T18:04:23Z,0.13482149465650134
2023-10-19T18:14:34Z,0.41054785094927626
2023-10-19T18:25:23Z,0.7281878231449534
2023-10-19T18:35:33Z,0.8448561147079033
2023-10-19T18:46:23Z,0.9137286829470112
2023-10-19T18:56:33Z,0.9742015683025972
2023-10-19T19:07:34Z,1.0
2023-10-19T19:17:37Z,0.9774814789090127
2023-10-19T19:28:27Z,0.9365922037206511
2023-10-19T19:38:37Z,0.8724915683783245
2023-10-19T19:49:23Z,0.6427081612305489
2023-10-19T19:59:37Z,0.5420040361243333
2023-10-19T20:10:26Z,0.3886852435504538
2023-10-19T20:20:33Z,0.3226376833136492
2023-10-19T20:31:23Z,0.2706100796584806
2023-10-19T20:41:34Z,0.1982923292124562
2023-10-19T20:52:23Z,0.1542102897819352
2023-10-19T21:02:36Z,0.08726272719562018
2023-10-19T21:13:30Z,0.03786910534815427
2023-10-19T21:23:35Z,0.00045540729653862386
2023-10-19T21:34:32Z,0.000341407043224658
2023-10-19T21:44:38Z,0.0003565865704097707
2023-10-19T21:55:23Z,0.0002645883823729544
2023-10-19T22:05:38Z,0.0002481401483347764
2023-10-19T22:16:23Z,0.00024963894532928794
2023-10-19T22:26:33Z,0.00025933993545068456
2023-10-19T22:37:23Z,0.00023948286835450729
2023-10-19T22:47:33Z,0.00022097223827467944
2023-10-19T22:58:23Z,0.00030705252558981233
2023-10-19T23:08:33Z,0.00020888420134420506
2023-10-19T23:19:13Z,0.00022215812153496452
2023-10-19T23:29:33Z,0.00022736537811430182
2023-10-19T23:40:23Z,0.0002186469769799994
2023-10-19T23:50:33Z,0.00021641915520624402
2023-10-20T00:01:25Z,0.0002104879672771639
2023-10-20T00:11:33Z,0.0002617172383076693
2023-10-20T00:22:03Z,0.000231879263920914
2023-10-20T00:32:33Z,0.000203247103605538
2023-10-20T00:43:23Z,0.00022261453710909095
2023-10-20T00:53:33Z,0.00022349348587847817
2023-10-20T01:04:23Z,0.00023706149625965154
2023-10-20T01:14:33Z,0.0002141813680269374
2023-10-20T01:25:23Z,0.00016594459755595278
2023-10-20T01:35:33Z,0.0001841777464546167
2023-10-20T01:46:23Z,0.00019888956393931056
2023-10-20T01:56:33Z,0.0001751448814118917
2023-10-20T02:07:23Z,0.000206542109586825
2023-10-20T02:17:33Z,0.0001889017915915739
2023-10-20T02:28:23Z,0.00012689216629202933
2023-10-20T02:38:33Z,0.00018071952927579003
2023-10-20T02:49:23Z,0.00017129181271988348
2023-10-20T02:59:33Z,0.00016568926172044976
2023-10-20T03:10:23Z,0.0001803350860750708
2023-10-20T03:20:33Z,0.00013929289550327153
2023-10-20T03:31:23Z,0.00014083177557343635
2023-10-20T03:41:33Z,8.817988753749879e-05
2023-10-20T03:52:23Z,0.00010713054563566622
2023-10-20T04:02:33Z,7.498746221878497e-05
2023-10-20T04:13:23Z,8.839514029735099e-05
2023-10-20T04:23:33Z,7.99086009321487e-05
2023-10-20T04:34:23Z,0.00014847457726885615
2023-10-20T04:44:33Z,7.153234538834885e-05
2023-10-20T04:55:24Z,0.00010104279011274271
2023-10-20T05:05:33Z,0.00015280177781152292
2023-10-20T05:16:23Z,0.0001513322126732875
2023-10-20T05:26:33Z,9.343918567914534e-05
2023-10-20T05:37:23Z,8.391115070738469e-05
2023-10-20T05:47:33Z,0.00014930480627778413
2023-10-20T05:58:23Z,0.00016125421334440217
2023-10-20T06:08:33Z,9.71055691072135e-05
2023-10-20T06:19:13Z,0.00016629449401743828
2023-10-20T06:29:33Z,0.0001386535593739653
2023-10-20T06:40:23Z,0.0002698020611025351
2023-10-20T06:50:37Z,0.0001935035944204694
2023-10-20T07:01:23Z,0.00018614646768411042
2023-10-20T07:11:33Z,0.00017282892116239152
2023-10-20T07:22:03Z,0.00021317353334578725
2023-10-20T07:32:33Z,0.0003068855496835078
2023-10-20T07:43:23Z,0.00020568442034927276
2023-10-20T07:53:33Z,0.00026124886424688283
2023-10-20T08:04:23Z,0.0002495492566793503
2023-10-20T08:14:33Z,0.0002200434624775484
2023-10-20T08:25:23Z,0.00020251364975715962
2023-10-20T08:35:36Z,0.00025112844127862213
2023-10-20T08:46:23Z,0.00022125724887337052
2023-10-20T08:56:34Z,0.00021632459458026152
2023-10-20T09:07:25Z,0.0002332274725649112
2023-10-20T09:17:34Z,0.0002617117019712531
2023-10-20T09:28:24Z,0.00025585647257779986
2023-10-20T09:38:49Z,0.0003057463931025719
2023-10-20T09:49:28Z,0.0003638506866943412
2023-10-20T09:59:37Z,0.0002814022360680407
2023-10-20T10:10:26Z,0.000210085807799915
2023-10-20T10:20:33Z,0.00025614923404747265
2023-10-20T10:31:27Z,0.00024355163271328172
2023-10-20T10:41:34Z,0.0002872508218577951
2023-10-20T10:52:23Z,0.00029272603711965993
2023-10-20T11:02:34Z,0.00032412082930657036
2023-10-20T11:13:31Z,0.0002622245881768217
2023-10-20T11:23:37Z,0.00023627732956970216
2023-10-20T11:34:24Z,0.00011396282767979446
2023-10-20T11:44:33Z,0.0001446440968294232
2023-10-20T11:55:28Z,0.00013916024488274873
2023-10-20T12:05:35Z,0.00015556285950886004
2023-10-20T12:16:28Z,0.0001300990337975756
2023-10-20T12:26:35Z,0.00012885468682473787
2023-10-20T12:37:24Z,0.00015486151641169458
2023-10-20T12:47:34Z,9.462661911362774e-05
2023-10-20T12:58:24Z,0.00010664356948452252
2023-10-20T13:08:38Z,0.00011676022774402252
2023-10-20T13:19:15Z,0.00010181433395566186
2023-10-20T13:29:35Z,0.00012695085145803938
2023-10-20T13:40:30Z,2.420021228772181e-05
2023-10-20T13:41:26Z,0.0
2023-10-20T13:50:33Z,0.00013897555269991337
2023-10-20T14:01:24Z,0.00013151035667671618
2023-10-20T14:11:37Z,0.0001472796144168503
2023-10-20T14:22:08Z,0.00011112778052794335
2023-10-20T14:32:36Z,0.00013305410872292502
2023-10-20T14:43:29Z,0.0001342240473343307
2023-10-20T14:53:36Z,0.0002605780817267355
2023-10-20T15:04:31Z,0.00035191035921944513
2023-10-20T15:14:35Z,0.0003258222562139043
2023-10-20T15:25:26Z,0.000335735177293299
2023-10-20T15:35:34Z,0.0002464336279979423
2023-10-20T15:46:27Z,0.0002595722401266946
2023-10-20T15:56:39Z,0.0002923630749042347
2023-10-20T16:07:23Z,0.00021390322248540333
2023-10-20T16:17:36Z,0.0002583659831484
2023-10-20T16:28:27Z,0.00024575332297915685
2023-10-20T16:38:35Z,0.00024246673222922172
2023-10-20T16:49:23Z,0.00020509934031684042
2023-10-20T16:59:33Z,0.00027070824864708755
2023-10-20T17:10:25Z,0.00025834627379075787
2023-10-20T17:20:39Z,0.00018889027601182905
2023-10-20T17:22:20Z,0.0002212377609691882
2023-10-20T17:31:26Z,0.00021477597055800493
2023-10-20T17:41:39Z,0.00018521348427130181
2023-10-20T17:52:32Z,0.00017169950853355024
2023-10-20T18:02:36Z,0.00013032093016112533
2023-10-20T18:13:25Z,0.00010089419484334008
2023-10-20T18:23:36Z,0.000128047046068386
2023-10-20T18:34:26Z,0.00010389666080840884
2023-10-20T18:44:37Z,0.00016606440387599368
2023-10-20T18:55:31Z,8.757509814743042e-05
2023-10-20T19:05:39Z,0.00019033991033896692
2023-10-20T19:16:34Z,0.00012954340707487595
2023-10-20T19:26:37Z,0.00020544037864006089
2023-10-20T19:37:30Z,0.00022369190817562748
2023-10-20T19:47:39Z,0.00014835144914696646
2023-10-20T19:58:31Z,0.0001433474868408217
2023-10-20T20:08:38Z,0.00018247366210580418
2023-10-20T20:19:14Z,0.00015033611502533715
2023-10-20T20:29:42Z,0.00018060703091981887
2023-10-20T20:40:30Z,0.00015295590941734137
2023-10-20T20:50:40Z,0.00019857377131014893
2023-10-20T21:01:28Z,0.0001726774469980549
2023-10-20T21:11:34Z,0.0001339946215532579
2023-10-20T21:22:04Z,0.00013939764298825938
2023-10-20T21:32:37Z,0.00015304781260184404
2023-10-20T21:43:23Z,0.0001695150916372932
2023-10-20T21:53:38Z,0.00016334938449763514
2023-10-20T22:04:27Z,0.00020127041005160725
2023-10-20T22:14:35Z,0.00017697475132407293
2023-10-20T22:25:30Z,0.0001485126672633973
2023-10-20T22:35:35Z,0.00016298620082875334
2023-10-20T22:46:35Z,0.00019672529930760927
2023-10-20T22:56:33Z,0.00014732213348052353
2023-10-20T23:07:30Z,0.00016464200832401856
2023-10-20T23:17:37Z,0.00017281696267573511
2023-10-20T23:28:29Z,0.00018155308008656554
2023-10-20T23:38:36Z,0.00012272950566764501
2023-10-20T23:49:24Z,0.00013469972935918652
2023-10-20T23:59:37Z,0.00018945542523316183
2023-10-21T00:10:26Z,7.423784226807056e-05
2023-10-21T00:20:37Z,0.0001738332125882359
2023-10-21T00:31:25Z,0.00012763802153397893
2023-10-21T00:41:35Z,0.00012319610810077803
2023-10-21T00:52:24Z,0.00018388144172963613
2023-10-21T01:02:36Z,0.00017507490211959544
2023-10-21T01:13:26Z,0.0001594389593603584
2023-10-21T01:23:36Z,0.00016104981180392795
2023-10-21T01:34:27Z,0.00014622859631165344
2023-10-21T01:44:33Z,0.00010908974436652146
2023-10-21T01:54:37Z,0.00016413111519956045
2023-10-21T02:05:34Z,0.0001669371519485941
2023-10-21T02:16:24Z,9.842122409308621e-05
2023-10-21T02:26:33Z,0.00011344396223089727
2023-10-21T02:37:26Z,0.00012446636512804024
2023-10-21T02:47:33Z,0.0001155973756432247
2023-10-21T02:58:25Z,0.00013224115308361104
2023-10-21T03:08:40Z,9.879127281912541e-05
2023-10-21T03:19:14Z,0.000127808097788676
2023-10-21T03:29:39Z,0.00011754085117866491
2023-10-21T03:40:27Z,0.00014588711508152103
2023-10-21T03:50:34Z,0.00012064740026835217
2023-10-21T04:01:25Z,0.00016044413660002872
2023-10-21T04:11:36Z,0.00011792440856555741
2023-10-21T04:22:07Z,0.00017377031980655484
2023-10-21T04:32:35Z,0.00013921206499160015
2023-10-21T04:43:30Z,0.00014477032529970754
2023-10-21T04:53:33Z,0.0001669123491614517
2023-10-21T05:04:24Z,0.0001498768205562743
2023-10-21T05:14:35Z,0.00015536465866516813
2023-10-21T05:25:13Z,0.00016630977430594465
2023-10-21T05:35:39Z,0.00013449333473760017
2023-10-21T05:46:25Z,0.00011116454180174664
2023-10-21T05:56:44Z,0.00015508452004252396
2023-10-21T06:07:26Z,0.00013713726755637908
2023-10-21T06:17:35Z,0.00015826547749364412
2023-10-21T06:27:36Z,0.0001680007929008191
2023-10-21T06:38:35Z,0.00012540554923763444
2023-10-21T06:49:24Z,0.00018221987644449685
2023-10-21T06:59:38Z,0.00017972188145364237
2023-10-21T07:10:27Z,0.0001354912040132036
2023-10-21T07:20:36Z,0.00013763952399602713
2023-10-21T07:31:23Z,0.00011184019629794213
2023-10-21T07:41:34Z,6.942277976043583e-05
2023-10-21T07:52:24Z,0.00017110667763013538
2023-10-21T08:02:36Z,0.00014146601827324235
2023-10-21T08:13:27Z,7.297245721685156e-05
2023-10-21T08:23:38Z,0.0001473141611560832
2023-10-21T08:34:25Z,2.2450951433753753e-05
2023-10-21T08:44:41Z,7.172124518686094e-05
2023-10-21T08:55:24Z,0.00014645226430285463
2023-10-21T09:05:38Z,0.00010598319527683339
2023-10-21T09:16:25Z,0.00011045633364742418
2023-10-21T09:26:37Z,0.00013858158700055733
2023-10-21T09:37:31Z,9.942684423967052e-05
2023-10-21T09:47:36Z,0.00013750643046858867
2023-10-21T09:58:29Z,0.00014180129880658589
2023-10-21T10:08:39Z,9.677139584114879e-05
2023-10-21T10:19:15Z,0.00014048032893775598
2023-10-21T10:29:39Z,0.0001276384644408929
2023-10-21T10:40:23Z,0.00015821919372120647
2023-10-21T10:50:33Z,9.268690828695398e-05
2023-10-21T11:01:31Z,0.00013146673034575878
2023-10-21T11:11:35Z,0.00012116715153107693
2023-10-21T11:22:11Z,0.00014687656912577057
2023-10-21T11:32:35Z,0.00015936078629016356
2023-10-21T11:43:30Z,8.075676767106205e-05
2023-10-21T11:53:37Z,0.00013193133969777965
2023-10-21T12:04:26Z,0.00015131117459490706
2023-10-21T12:14:34Z,0.00012999428631258654
2023-10-21T12:25:27Z,0.0001533018197166063
2023-10-21T12:35:34Z,0.00017618017632166653
2023-10-21T12:46:28Z,0.0001182579174712528
2023-10-21T12:56:33Z,0.00019028255389369966
2023-10-21T13:07:26Z,9.433452200432638e-05
2023-10-21T13:17:34Z,0.00014207014330294468
2023-10-21T13:28:28Z,0.00011898871387814848
2023-10-21T13:38:37Z,0.00014721849326281778
2023-10-21T13:49:29Z,0.00015700297133736191
2023-10-21T13:59:34Z,0.00015213542436050354
2023-10-21T14:10:32Z,0.00016106819244082898
2023-10-21T14:20:38Z,0.00015525260321611094
2023-10-21T14:31:23Z,0.0001773848831257646
2023-10-21T14:41:38Z,0.00015597432003128998
2023-10-21T14:52:25Z,0.00019522982411494775
2023-10-21T15:02:40Z,0.00012811148902426892
2023-10-21T15:13:34Z,0.0001870174441290606
2023-10-21T15:23:36Z,0.0001364684781173377
2023-10-21T15:34:27Z,0.00016438622958160566
2023-10-21T15:44:37Z,0.00014532085859290245
2023-10-21T15:55:28Z,0.00016741770594949477
2023-10-21T16:05:37Z,0.00012885579409202202
2023-10-21T16:16:23Z,0.0001444142281414352
2023-10-21T16:26:40Z,0.00013577200699621834
2023-10-21T16:37:30Z,0.00011263012077776271
2023-10-21T16:47:39Z,0.00011949982845606769
2023-10-21T16:58:33Z,0.00012675486514891372
2023-10-21T17:08:40Z,0.00014351889181625746
2023-10-21T17:19:18Z,0.00019039040172707885
2023-10-21T17:29:38Z,0.0001130725847841198
2023-10-21T17:40:26Z,0.00016143558372538628
2023-10-21T17:50:35Z,0.00012781784174076694
2023-10-21T18:01:26Z,0.0001281409423340008
2023-10-21T18:11:41Z,0.00012282118739869027
2023-10-21T18:22:06Z,0.00013960935249280582
2023-10-21T18:32:42Z,0.00013921427952616518
2023-10-21T18:43:25Z,0.00013525314154732074
2023-10-21T18:53:38Z,0.00012053047284325014
2023-10-21T19:04:24Z,0.00012656441517620677
2023-10-21T19:14:37Z,0.0001464161673894248
2023-10-21T19:25:25Z,0.00011553027524586606
2023-10-21T19:35:37Z,0.00015370154320583522
2023-10-21T19:46:23Z,0.00012452726482861494
2023-10-21T19:56:38Z,0.0001286533856326558
2023-10-21T20:07:34Z,7.04890781541378e-05
2023-10-21T20:17:33Z,9.525001059405947e-05
2023-10-21T20:28:23Z,0.00010393807260479916
2023-10-21T20:38:36Z,7.854909816185749e-05
2023-10-21T20:49:23Z,0.00012307962358258466
2023-10-21T20:59:34Z,0.00011656468434181126
2023-10-21T21:10:27Z,0.00010436082725351695
2023-10-21T21:20:35Z,0.00011769941185361508
2023-10-21T21:31:24Z,9.649524338072313e-05
2023-10-21T21:41:34Z,8.88697150549202e-05
2023-10-21T21:52:25Z,0.00013153250202237873
2023-10-21T22:02:37Z,0.00010764542492233995
2023-10-21T22:13:24Z,0.00016125443479785917
2023-10-21T22:23:37Z,0.00012202705530319378
2023-10-21T22:34:35Z,0.00012557119642319818
2023-10-21T22:44:40Z,0.00011504927833805096
2023-10-21T22:55:25Z,6.849311814947804e-05
2023-10-21T23:05:36Z,0.00012475447607512144
2023-10-21T23:16:24Z,0.00015850331850606833
2023-10-21T23:26:36Z,0.00012115785048589955
2023-10-21T23:37:23Z,0.00011941921939784919
2023-10-21T23:47:37Z,0.0002018156284618417
2023-10-21T23:58:23Z,0.00017819806021853309
2023-10-22T00:08:38Z,0.0001401140449204779
2023-10-22T00:19:16Z,0.00015351840119719762
2023-10-22T00:29:42Z,0.00016827495228013262
2023-10-22T00:40:27Z,0.00022990744234302563
2023-10-22T00:50:37Z,0.00018145231876379747
2023-10-22T01:01:23Z,0.000232027637736858
2023-10-22T01:11:36Z,0.0002147020051034885
2023-10-22T01:22:03Z,0.00020350996885856365
2023-10-22T01:32:36Z,0.00022421165943834937
2023-10-22T01:43:29Z,0.00021877674870558826
2023-10-22T01:53:37Z,0.00021769672019757475
2023-10-22T02:04:24Z,0.0002379076699174544
2023-10-22T02:14:36Z,0.0002667898511853729
2023-10-22T02:25:23Z,0.000289032857823343
2023-10-22T02:35:36Z,0.00025224633832772057
2023-10-22T02:46:24Z,0.00024298227587626645
2023-10-22T02:56:35Z,0.0002459621535887624
2023-10-22T03:07:25Z,0.00026377144057142515
2023-10-22T03:17:36Z,0.0002853755539869989
2023-10-22T03:28:26Z,0.00023671514305347098
2023-10-22T03:38:35Z,0.00025712960849999853
2023-10-22T03:49:26Z,0.0003118270621148806
2023-10-22T03:59:36Z,0.0002520182412673869
2023-10-22T04:10:24Z,0.00028053657450604686
2023-10-22T04:20:35Z,0.00029903125993700064
2023-10-22T04:31:25Z,0.00026759372723296075
2023-10-22T04:41:37Z,0.00028135440212140696
2023-10-22T04:52:26Z,0.0002650822235812501
2023-10-22T05:02:37Z,0.0002963104827687701
2023-10-22T05:13:28Z,0.00019970672719429842
2023-10-22T05:23:36Z,0.00031577114817756474
2023-10-22T05:34:25Z,0.0002911047763636293
2023-10-22T05:44:38Z,0.0002719860350918773
2023-10-22T05:55:26Z,0.0002729407209434365
2023-10-22T06:05:38Z,0.0003209026676747371
2023-10-22T06:16:24Z,0.00026989130684555913
2023-10-22T06:26:35Z,0.0002509893685078547
2023-10-22T06:37:23Z,0.0003261426993656554
2023-10-22T06:47:35Z,0.00028839042134564297
2023-10-22T06:58:24Z,0.0003043751532990826
2023-10-22T07:08:34Z,0.00031869499816553006
2023-10-22T07:19:13Z,0.0002573616917225552
2023-10-22T07:29:38Z,0.0002708681380427805
2023-10-22T07:40:25Z,0.0003341648508322934
2023-10-22T07:50:39Z,0.0003149271890543265
2023-10-22T08:01:24Z,0.00031280367185864495
2023-10-22T08:11:36Z,0.0003197929644035314
2023-10-22T08:22:04Z,0.00028536492422108077
2023-10-22T08:32:35Z,0.00031948913026102696
2023-10-22T08:43:24Z,0.0003442744225811791
2023-10-22T08:53:39Z,0.00033058151245046703
2023-10-22T09:04:26Z,0.00037583220451217465
2023-10-22T09:14:39Z,0.0003162556883406873
2023-10-22T09:25:27Z,0.00031968135186138697
2023-10-22T09:35:35Z,0.0003370399810597999
2023-10-22T09:46:26Z,0.0003542376135952332
2023-10-22T09:56:37Z,0.000345677773135883
2023-10-22T10:07:23Z,0.000334603328676432
2023-10-22T10:17:40Z,0.0003258262423761216
2023-10-22T10:28:32Z,0.0003574254361035079
2023-10-22T10:38:46Z,0.0003069231967711366
2023-10-22T10:49:26Z,0.0003340986362487583
2023-10-22T10:59:39Z,0.0003636502713160851
2023-10-22T11:10:24Z,0.00032628885864703606
2023-10-22T11:20:38Z,0.00031578642846607564
2023-10-22T11:31:29Z,0.00034959661350451036
2023-10-22T11:41:37Z,0.00036591729035166903
2023-10-22T11:52:29Z,0.0003287104521953496
2023-10-22T12:02:36Z,0.00036203476834992807
2023-10-22T12:13:35Z,0.00033498445007530247
2023-10-22T12:23:37Z,0.0003282803895825666
2023-10-22T12:34:24Z,0.00035403144042710384
2023-10-22T12:44:38Z,0.0003448129973877188
2023-10-22T12:55:27Z,0.0003669448343904568
2023-10-22T13:05:35Z,0.0004008134831414438
2023-10-22T13:16:27Z,0.00032369630303019783
2023-10-22T13:26:39Z,0.0004020434356396019
2023-10-22T13:37:25Z,0.00032049452895415673
2023-10-22T13:47:35Z,0.0003405320806174901
2023-10-22T13:58:25Z,0.0003270262986576309
2023-10-22T14:08:41Z,0.0002662229303363846
2023-10-22T14:19:13Z,0.0002948229799005452
2023-10-22T14:29:39Z,0.00029096614649977496
2023-10-22T14:40:24Z,0.00026997457334525623
2023-10-22T14:50:39Z,0.000319273877501178
2023-10-22T15:01:25Z,0.0003090086239722741
2023-10-22T15:11:39Z,0.00033829960832114196
2023-10-22T15:22:06Z,0.00030808272707007954
2023-10-22T15:32:38Z,0.0003159587192553369
2023-10-22T15:43:24Z,0.0003130674229254994
2023-10-22T15:53:39Z,0.00031244093109667674
2023-10-22T16:04:26Z,0.0002703973279939716
2023-10-22T16:14:36Z,0.000297781819534659
2023-10-22T16:25:23Z,0.00028189851326435847
2023-10-22T16:35:35Z,0.0002730430324404019
2023-10-22T16:46:24Z,0.00027760696672821165
2023-10-22T16:56:38Z,0.0002593394925437681
2023-10-22T17:07:25Z,0.00029591762433669696
2023-10-22T17:17:35Z,0.0003445375092876642
2023-10-22T17:28:29Z,0.0002588261634312876
2023-10-22T17:38:40Z,0.0003447762361139197
2023-10-22T17:49:27Z,0.00024308968080273658
2023-10-22T17:59:39Z,0.0003173182220256269
2023-10-22T18:10:23Z,0.00026413218825228576
2023-10-22T18:20:42Z,0.0003017777257061991
2023-10-22T18:31:27Z,0.00027210650577228797
2023-10-22T18:41:45Z,0.0002486275673928312
2023-10-22T18:52:28Z,0.0002782536108215884
2023-10-22T19:02:40Z,0.0003043957484705482
2023-10-22T19:13:35Z,0.00021754834638163157
2023-10-22T19:23:40Z,0.0002787091405818893
2023-10-22T19:34:25Z,0.00026848684902357515
2023-10-22T19:44:39Z,0.0002697212305908633
2023-10-22T19:55:27Z,0.0002889278888848998
2023-10-22T20:05:37Z,0.0002819558697096294
2023-10-22T20:16:26Z,0.00026808247501175676
2023-10-22T20:26:38Z,0.00031682570953806694
2023-10-22T20:37:27Z,0.00024527697659393
2023-10-22T20:47:34Z,0.00028441001691606867
2023-10-22T20:58:27Z,0.00029076838856300036
2023-10-22T21:08:35Z,0.0002598275759621935
2023-10-22T21:19:17Z,0.00030154586393710226
2023-10-22T21:29:40Z,0.00020516422617963606
2023-10-22T21:40:27Z,0.00027471943510713563
2023-10-22T21:50:34Z,0.00028318072877828323
2023-10-22T22:01:25Z,0.00019414005165484247
2023-10-22T22:11:33Z,0.00028832752856395737
2023-10-22T22:22:06Z,0.00026136623457890336
2023-10-22T22:32:35Z,0.0002467463202787097
2023-10-22T22:43:27Z,0.00017465037584322497
2023-10-22T22:53:37Z,0.0002888583524995138
2023-10-22T23:04:28Z,0.0002477373244971549
2023-10-22T23:14:40Z,0.000266604937549081
2023-10-22T23:25:28Z,0.00023280228192817178
2023-10-22T23:35:34Z,0.0002591357553636628
2023-10-22T23:46:26Z,0.0003102689155939913
2023-10-22T23:56:37Z,0.000306390822661382
2023-10-23T00:07:23Z,0.00028419919322535185
2023-10-23T00:17:34Z,0.00022539532816406613
2023-10-23T00:28:24Z,0.00025945265526011025
2023-10-23T00:38:37Z,0.00024064948516406336
2023-10-23T00:49:29Z,0.0002502319976861594
2023-10-23T00:59:39Z,0.00023904904103295738
2023-10-23T01:10:26Z,0.0002673131457034034
2023-10-23T01:20:37Z,0.0002906038486447187
2023-10-23T01:31:28Z,0.0002428644626373397
2023-10-23T01:41:35Z,0.00022757686616538757
2023-10-23T01:52:27Z,0.00028534322178233265
2023-10-23T02:02:36Z,0.00024234426846770097
2023-10-23T02:13:31Z,0.00026777686924159836
2023-10-23T02:23:35Z,0.00026671101375481
2023-10-23T02:34:26Z,0.00031995041781119986
2023-10-23T02:44:36Z,0.0002708149892131879
2023-10-23T02:55:26Z,0.00030371300746373996
2023-10-23T03:05:37Z,0.0002476414351504325
2023-10-23T03:16:24Z,0.00029116567606420475
2023-10-23T03:26:36Z,0.00031552843518909443
2023-10-23T03:37:26Z,0.0003098866869278371
2023-10-23T03:47:36Z,0.00024062379656309546
2023-10-23T03:58:28Z,0.00030581969419671696
2023-10-23T04:08:38Z,0.00031143818984502846
2023-10-23T04:19:15Z,0.00024350911364960683
2023-10-23T04:29:38Z,0.00030509930610228114
2023-10-23T04:40:25Z,0.0002774032295481088
2023-10-23T04:50:33Z,0.00027639251597202144
2023-10-23T05:01:24Z,0.00027676012871003533
2023-10-23T05:11:36Z,0.0002532898270153874
2023-10-23T05:22:25Z,0.00025135764560624036
2023-10-23T05:32:33Z,0.0002695626699159094
2023-10-23T05:43:23Z,0.0002672227926930973
2023-10-23T05:53:35Z,0.0002744939954882814
2023-10-23T06:04:24Z,0.00019500925647213875
2023-10-23T06:14:40Z,0.00030296515914068027
2023-10-23T06:25:25Z,0.00025834959559260497
2023-10-23T06:35:40Z,0.0002424067183424742
2023-10-23T06:46:27Z,0.0002492607028253559
2023-10-23T06:56:36Z,0.0002794047258891815
2023-10-23T07:07:23Z,0.0002265087961440325
2023-10-23T07:17:33Z,0.0003168985677253009
2023-10-23T07:28:29Z,0.00023436419315782674
2023-10-23T07:38:37Z,0.0002667276227640571
2023-10-23T07:49:27Z,0.00022281738847537114
2023-10-23T07:59:39Z,0.00021700999302855004
2023-10-23T08:10:25Z,0.0002493253672346917
2023-10-23T08:20:34Z,0.00023867079852902168
2023-10-23T08:31:28Z,0.0002677392221539704
2023-10-23T08:41:37Z,0.00027740743716378474
2023-10-23T08:52:25Z,0.00026871428172353825
2023-10-23T09:02:36Z,0.0002583828136111029
2023-10-23T09:13:27Z,0.0002838840649565571
2023-10-23T09:23:41Z,0.0002874534517706171
2023-10-23T09:34:28Z,0.0002405622325021494
2023-10-23T09:44:38Z,0.00029428285491981136
2023-10-23T09:55:28Z,0.00023580740533472202
2023-10-23T10:05:39Z,0.00026804482792413083
2023-10-23T10:16:34Z,0.00024175608808687602
2023-10-23T10:26:37Z,0.00027036278125473865
2023-10-23T10:37:29Z,0.00022822882514172526
2023-10-23T10:47:39Z,0.0002370041398143818
2023-10-23T10:58:24Z,0.0002484233873058152
2023-10-23T11:08:38Z,0.00028745190159641686
2023-10-23T11:19:19Z,0.0002870001365448824
2023-10-23T11:29:34Z,0.00028302504699826656
2023-10-23T11:40:25Z,0.00025177885008076205
2023-10-23T11:50:38Z,0.0002734389912208677
2023-10-23T12:01:29Z,0.00030163665985432237
2023-10-23T12:11:36Z,0.00025882483471054726
2023-10-23T12:22:06Z,0.00025325328719504563
2023-10-23T12:32:35Z,0.0002286595521148842
2023-10-23T12:43:24Z,0.00025741085438992726
2023-10-23T12:53:35Z,0.0002045197966208243
2023-10-23T13:04:24Z,0.00025382729455464465
2023-10-23T13:14:35Z,0.00022304194228039823
2023-10-23T13:25:24Z,0.00023049628708421787
2023-10-23T13:35:37Z,0.0002455126030717917
2023-10-23T13:46:25Z,0.00021587437970291986
2023-10-23T13:56:37Z,0.00022197675115397916
2023-10-23T14:07:24Z,0.0002776652089873073
2023-10-23T14:17:42Z,0.00019515275831203584
2023-10-23T14:28:25Z,0.0002610431339856691
2023-10-23T14:38:35Z,0.00023575469941204138
2023-10-23T14:49:24Z,0.000272697786501508
2023-10-23T14:59:38Z,0.0002469956768708816
2023-10-23T15:10:30Z,0.0002785286560147307
2023-10-23T15:20:34Z,0.00022689833277425318
2023-10-23T15:31:24Z,0.00022109558785002282
2023-10-23T15:41:36Z,0.00023227035072533037
2023-10-23T15:52:24Z,0.00029793595114047626
2023-10-23T16:02:38Z,0.00026518630670587233
2023-10-23T16:13:30Z,0.000245756644781004
2023-10-23T16:23:36Z,0.00024385502394887136
2023-10-23T16:34:27Z,0.00020650623412685177
2023-10-23T16:44:35Z,0.00021177151151182487
2023-10-23T16:55:26Z,0.00025709439740039626
2023-10-23T17:05:39Z,0.0002564202930783944
2023-10-23T17:16:24Z,0.00019074871341991868
2023-10-23T17:26:38Z,0.00023982877865377425
2023-10-23T17:37:25Z,0.00025112954854590504
2023-10-23T17:47:38Z,0.00024284010275710802
2023-10-23T17:58:28Z,0.0002537911976412132
2023-10-23T18:08:36Z,0.00025598535848956114
2023-10-23T18:19:15Z,0.0002741897184388638
2023-10-23T18:29:35Z,0.0002486897958141454
2023-10-23T18:40:28Z,0.0001990527751368535
2023-10-23T18:50:39Z,0.00023797742775629737
2023-10-23T19:01:24Z,0.00021905245825910196
2023-10-23T19:11:34Z,0.0002277181534707221
2023-10-23T19:22:04Z,0.00019947818722705033
2023-10-23T19:32:39Z,0.0002658980581154989
2023-10-23T19:43:31Z,0.00022716274820147988
2023-10-23T19:53:39Z,0.0002702826151034366
2023-10-23T20:04:27Z,0.00021423961028603142
2023-10-23T20:14:40Z,0.00021647983345336088
2023-10-23T20:25:23Z,0.00024025884126656097
2023-10-23T20:35:34Z,0.00025464379344925946
2023-10-23T20:46:27Z,0.00016737740142038738
2023-10-23T20:56:36Z,0.0002352331765216623
2023-10-23T21:07:28Z,0.00022209412148599725
2023-10-23T21:17:37Z,0.0002193985900118243
2023-10-23T21:28:24Z,0.00021866934377912263
2023-10-23T21:38:39Z,0.0002446907892942139
2023-10-23T21:49:24Z,0.00020584541701224658
2023-10-23T21:59:37Z,0.00021814184164541497
2023-10-23T22:10:26Z,0.0002466736835449336
2023-10-23T22:20:34Z,0.00019996892808695431
2023-10-23T22:31:29Z,0.0002301959961970229
2023-10-23T22:41:38Z,0.00023107051589727842
2023-10-23T22:52:26Z,0.00016954498785393989
2023-10-23T23:02:40Z,0.00015699278447835988
2023-10-23T23:13:23Z,0.00020413313888553798
2023-10-23T23:23:38Z,0.00019451430799655801
2023-10-23T23:34:24Z,0.00016825590728286184
2023-10-23T23:44:37Z,0.000250511914855349
2023-10-23T23:55:27Z,0.0002167650655055081
2023-10-24T00:05:40Z,0.00018764747921318822
2023-10-24T00:16:25Z,0.00024973350595526876
2023-10-24T00:26:41Z,0.00021095390534992713
2023-10-24T00:37:23Z,0.00022971544219612343
2023-10-24T00:47:40Z,0.00026481603652637613
2023-10-24T00:58:33Z,0.00025384235338969565
2023-10-24T01:08:36Z,0.00020371038423681938
2023-10-24T01:19:14Z,0.0002508711123620123
2023-10-24T01:29:38Z,0.00021291243972041345
2023-10-24T01:40:27Z,0.00027700505623307476
2023-10-24T01:50:35Z,0.0002529966226388006
2023-10-24T02:01:24Z,0.00022500911333569505
2023-10-24T02:11:35Z,0.00020828893445276858
2023-10-24T02:22:06Z,0.000291562742111951
2023-10-24T02:32:40Z,0.00018834948667072424
2023-10-24T02:43:25Z,0.00021402989386259917
2023-10-24T02:53:36Z,0.00022288936084877584
2023-10-24T03:04:27Z,0.00020847318372868706
2023-10-24T03:14:38Z,0.00018376318558379376
2023-10-24T03:25:25Z,0.0002022392689243891
2023-10-24T03:35:40Z,0.00022386973530130419
2023-10-24T03:46:25Z,0.00024771695077914664
2023-10-24T03:56:41Z,0.0002051542607740865
2023-10-24T04:07:25Z,0.0002233037002661422
2023-10-24T04:17:41Z,0.00023017451521173009
2023-10-24T04:28:24Z,0.00023638827775147598
2023-10-24T04:38:39Z,0.0002959794098510988
2023-10-24T04:49:27Z,0.0001925012960757351
2023-10-24T04:59:39Z,0.00024052857157674115
2023-10-24T05:10:29Z,0.00020566869715385282
2023-10-24T05:20:37Z,0.00024125006693846238
2023-10-24T05:31:24Z,0.0002510522612895394
2023-10-24T05:41:34Z,0.00026961249694365405
2023-10-24T05:52:26Z,0.0002170099930285488
2023-10-24T06:02:36Z,0.0001701938464818813
2023-10-24T06:13:26Z,0.00023030583711151133
2023-10-24T06:23:35Z,0.00019902819380316567
2023-10-24T06:34:26Z,0.00025928257900541523
2023-10-24T06:44:35Z,0.00019886365388488444
2023-10-24T06:55:25Z,0.00023844646617745117
2023-10-24T07:05:38Z,0.00024389687865217485
2023-10-24T07:16:27Z,0.00017943819957569367
2023-10-24T07:26:39Z,0.00024794172603763117
2023-10-24T07:37:30Z,0.00022980623811334275
2023-10-24T07:47:40Z,0.00023016654288728977
2023-10-24T07:58:25Z,0.00023625762021206245
2023-10-24T08:08:37Z,0.0002744468259020162
2023-10-24T08:19:16Z,0.000205378814579114
2023-10-24T08:29:39Z,0.00019553963750078038
2023-10-24T08:40:24Z,0.00020086847202781128
2023-10-24T08:50:37Z,0.0002069455977848138
2023-10-24T09:01:25Z,0.00030102854866239623
2023-10-24T09:11:35Z,0.00027061634546258855
2023-10-24T09:22:05Z,0.0002458135583193605
2023-10-24T09:32:35Z,0.000210898984892679
2023-10-24T09:43:28Z,0.00023715517107180564
2023-10-24T09:53:35Z,0.00023897618284572222
2023-10-24T10:04:25Z,0.00023832843148506334
2023-10-24T10:14:38Z,0.0002471044105180896
2023-10-24T10:25:27Z,0.0002660145426336898
2023-10-24T10:35:36Z,0.00025516155163087456
2023-10-24T10:46:25Z,0.00021683083718213093
2023-10-24T10:56:39Z,0.00024571678315880977
2023-10-24T11:07:29Z,0.00019588599070695766
2023-10-24T11:17:36Z,0.00022190699331513702
2023-10-24T11:28:27Z,0.00024412431135214
2023-10-24T11:38:39Z,0.0002526281240869612
2023-10-24T11:49:27Z,0.000288347016468143
2023-10-24T11:59:39Z,0.0002197046386888958
2023-10-24T12:10:25Z,0.00033884283365027084
2023-10-24T12:20:39Z,0.0003456500914538005
2023-10-24T12:31:25Z,0.00036774295264817514
2023-10-24T12:41:40Z,0.0003775303096176573
2023-10-24T12:52:25Z,0.000396373341335898
2023-10-24T13:02:34Z,0.00038873585452343625
2023-10-24T13:13:28Z,0.00035330396582205446
2023-10-24T13:23:40Z,0.00037429819641805675
2023-10-24T13:34:29Z,0.00033166973473637454
2023-10-24T13:44:37Z,0.00028588201804232653
2023-10-24T13:55:24Z,0.0003066248989650472
2023-10-24T14:05:39Z,0.00035605862536915064
2023-10-24T14:16:31Z,0.0003246835425398811
2023-10-24T14:26:40Z,0.00027871489837176137
2023-10-24T14:37:29Z,0.0002821379044509833
2023-10-24T14:47:41Z,0.00029907001429191197
2023-10-24T14:58:23Z,0.0003130510353697097
2023-10-24T15:08:36Z,0.0003382331722841498
2023-10-24T15:19:19Z,0.0003286065905241869
2023-10-24T15:29:37Z,0.0002969901234271837
2023-10-24T15:40:31Z,0.0002674030558067956
2023-10-24T15:50:42Z,0.0003052585311376027
2023-10-24T16:01:24Z,0.0003251521380541246
2023-10-24T16:11:36Z,0.0003481170829607262
2023-10-24T16:22:09Z,0.000334743287261025
2023-10-24T16:32:40Z,0.0002744725145029886
2023-10-24T16:43:27Z,0.0002700317083370653
2023-10-24T16:53:39Z,0.0002702290233669288
2023-10-24T17:04:31Z,0.0002825312057899692
2023-10-24T17:14:36Z,0.00026566663925331604
2023-10-24T17:25:31Z,0.0003035646336477943
2023-10-24T17:35:38Z,0.00031823614660338325
2023-10-24T17:46:23Z,0.00030244540787795714
2023-10-24T17:56:36Z,0.00025948963798737133
2023-10-24T18:07:29Z,0.00030976045845755687
2023-10-24T18:17:36Z,0.0003619904776585997
2023-10-24T18:28:27Z,0.0003073131763082713
2023-10-24T18:38:42Z,0.00033330317543252226
2023-10-24T18:49:25Z,0.00028825090566796276
2023-10-24T18:59:40Z,0.0003010433860439935
2023-10-24T19:10:28Z,0.0003177055441212838
2023-10-24T19:20:44Z,0.0003167924915195719
2023-10-24T19:31:26Z,0.0003471218711266042
2023-10-24T19:41:40Z,0.00034000081377502173
2023-10-24T19:52:24Z,0.00030359895893357353
2023-10-24T20:02:41Z,0.0003711732666914648
2023-10-24T20:13:28Z,0.00026782625336242737
2023-10-24T20:23:37Z,0.0003045534233316745
2023-10-24T20:34:24Z,0.0003015781961417689
2023-10-24T20:44:33Z,0.0004023824808817127
2023-10-24T20:55:28Z,0.00030638772231298864
2023-10-24T21:05:42Z,0.00028765541732306846
2023-10-24T21:16:32Z,0.0003306718654607748
2023-10-24T21:26:34Z,0.00036568476422219954
2023-10-24T21:37:26Z,0.0003200843971524671
2023-10-24T21:47:39Z,0.00037133404190098406
2023-10-24T21:58:29Z,0.0003406476793218551
2023-10-24T22:08:38Z,0.0003076517786434669
2023-10-24T22:19:16Z,0.00034655340010342184
2023-10-24T22:29:41Z,0.00031671365408901265
2023-10-24T22:40:26Z,0.0003538179592949084
2023-10-24T22:50:40Z,0.0003284759329847721
2023-10-24T23:00:35Z,0.0003461576627764139
2023-10-24T23:11:37Z,0.0003655281966283586
2023-10-24T23:22:03Z,0.00032847416135711694
2023-10-24T23:32:39Z,0.0003789894664434308
2023-10-24T23:43:27Z,0.0003582231114543085
2023-10-24T23:53:42Z,0.00037161993831350064
2023-10-25T00:04:24Z,0.0004295379895482397
2023-10-25T00:14:36Z,0.00032211866860512334
2023-10-25T00:25:23Z,0.00040266018351633445
2023-10-25T00:35:38Z,0.0004214449729754762
2023-10-25T00:46:25Z,0.00036179471280293145
2023-10-25T00:56:35Z,0.00034969383157197517
2023-10-25T01:07:25Z,0.0003143179705951215
2023-10-25T01:17:39Z,0.0003873034935659132
2023-10-25T01:28:23Z,0.00032742358615883905
2023-10-25T01:38:43Z,0.0003406580876343158
2023-10-25T01:49:26Z,0.0004089410464534468
2023-10-25T01:59:36Z,0.0003415439014608604
2023-10-25T02:10:08Z,0.0003776408148925205
2023-10-25T02:20:36Z,0.0003193533792921083
2023-10-25T02:31:28Z,0.00033270724418071646
2023-10-25T02:41:35Z,0.0003497179699987486
2023-10-25T02:52:25Z,0.00034901596254121177
2023-10-25T03:02:41Z,0.00035921677311423397
2023-10-25T03:13:23Z,0.0003732877042954247
2023-10-25T03:23:38Z,0.00030946526099986043
2023-10-25T03:34:27Z,0.000376659111719251
2023-10-25T03:44:37Z,0.0003705817645087906
2023-10-25T03:55:24Z,0.0003387763976132795
2023-10-25T04:05:42Z,0.0003776219913487026
2023-10-25T04:16:26Z,0.000397830947987473
2023-10-25T04:26:40Z,0.0003610628091287504
2023-10-25T04:37:24Z,0.0003710678548461055
2023-10-25T04:47:34Z,0.0003922438987300051
2023-10-25T04:58:24Z,0.00041030165649101516
2023-10-25T05:08:37Z,0.0003312181911382942
2023-10-25T05:19:16Z,0.0003427539231479173
2023-10-25T05:29:38Z,0.00037707234386933356
2023-10-25T05:40:27Z,0.00037851223424438134
2023-10-25T05:50:36Z,0.0003401974644445102
2023-10-25T06:01:28Z,0.00036803017778143165
2023-10-25T06:11:38Z,0.0003388846883535751
2023-10-25T06:22:04Z,0.00032683894903331946
2023-10-25T06:32:36Z,0.00037389758711500233
2023-10-25T06:43:28Z,0.000365507380003436
2023-10-25T06:53:41Z,0.0003484769448277605
2023-10-25T07:04:24Z,0.0004003285000714151
2023-10-25T07:14:38Z,0.00029722442118430587
2023-10-25T07:25:24Z,0.0003230917350935811
2023-10-25T07:35:39Z,0.0003453493576596915
2023-10-25T07:46:25Z,0.00033207765200349873
2023-10-25T07:56:37Z,0.00040959566287125817
2023-10-25T08:07:27Z,0.0003683262610529548
2023-10-25T08:17:43Z,0.00034067270356245117
2023-10-25T08:28:27Z,0.000358716288302237
2023-10-25T08:38:40Z,0.0003498654580008675
2023-10-25T08:49:25Z,0.0003812148522291683
2023-10-25T08:59:38Z,0.0003530417649293977
2023-10-25T09:10:27Z,0.0004210352840807031
2023-10-25T09:20:42Z,0.0003514922550933152
2023-10-25T09:31:30Z,0.0004382539546945156
2023-10-25T09:41:40Z,0.0004012087775615414
2023-10-25T09:52:28Z,0.00036343878326499805
2023-10-25T10:02:37Z,0.000382611559180171
2023-10-25T10:13:26Z,0.0004051971543155548
2023-10-25T10:23:39Z,0.0004028707857535955
2023-10-25T10:34:23Z,0.0003388299893497848
2023-10-25T10:44:39Z,0.00037512222473019786
2023-10-25T10:55:30Z,0.0003956821850977355
2023-10-25T11:05:36Z,0.0003859116585909582
2023-10-25T11:16:24Z,0.00034928059942189335
2023-10-25T11:26:35Z,0.0003393767579342194
2023-10-25T11:37:23Z,0.0003500924477939228
2023-10-25T11:47:41Z,0.00038158999438470603
2023-10-25T11:58:26Z,0.0003474846118885753
2023-10-25T12:08:35Z,0.0004001358355641419
2023-10-25T12:19:14Z,0.0004168812601411227
2023-10-25T12:29:40Z,0.000343505536179741
2023-10-25T12:40:25Z,0.0003803529553759389
2023-10-25T12:50:37Z,0.0003735516768157362
2023-10-25T13:01:26Z,0.0003473526256284186
2023-10-25T13:11:35Z,0.00037541432183949925
2023-10-25T13:22:05Z,0.00031022130310081496
2023-10-25T13:32:39Z,0.00041205778240213854
2023-10-25T13:43:28Z,0.0003715289209428227
2023-10-25T13:53:40Z,0.0003869834933210744
2023-10-25T14:04:29Z,0.0003727429287921018
2023-10-25T14:14:46Z,0.00038648212269525023
2023-10-25T14:25:28Z,0.0004080089488544629
2023-10-25T14:35:40Z,0.0003994679319389293
2023-10-25T14:46:25Z,0.0003612302279419676
2023-10-25T14:56:40Z,0.00037616394179021244
2023-10-25T15:07:29Z,0.00035970374926537805
2023-10-25T15:17:41Z,0.0003479049305492703
2023-10-25T15:28:25Z,0.0003713942772411886
2023-10-25T15:38:38Z,0.0003227518040376469
2023-10-25T15:49:24Z,0.0003318852089496817
2023-10-25T15:59:38Z,0.0003747278161239299
2023-10-25T16:10:24Z,0.0003371522579623116
2023-10-25T16:20:43Z,0.00038807082979315765
2023-10-25T16:31:31Z,0.0003611806223676824
2023-10-25T16:41:42Z,0.0003874244071532387
2023-10-25T16:52:25Z,0.0003873158949594852
2023-10-25T17:02:38Z,0.0003223159836349877
2023-10-25T17:13:25Z,0.0003702312036869362
2023-10-25T17:23:40Z,0.00036805852382387977
2023-10-25T17:34:26Z,0.0003741480509744568
2023-10-25T17:44:38Z,0.00038202448606662734
2023-10-25T17:55:24Z,0.00038416771261995023
2023-10-25T18:05:41Z,0.0003923652552242421
2023-10-25T18:16:27Z,0.0003640750190459113
2023-10-25T18:26:37Z,0.000351415189290407
2023-10-25T18:37:31Z,0.00036760033662210025
2023-10-25T18:47:43Z,0.0003840419270565799
2023-10-25T18:58:25Z,0.00034830886165417344
2023-10-25T19:08:42Z,0.00037254760684334753
2023-10-25T19:19:18Z,0.00041716294893796624
2023-10-25T19:29:43Z,0.0003775205656655652
2023-10-25T19:40:23Z,0.0003499710912996837
2023-10-25T19:50:38Z,0.00039422324972541734
2023-10-25T20:01:23Z,0.00032729757914201293
2023-10-25T20:11:34Z,0.0003680850982386761
2023-10-25T20:22:06Z,0.0003656767918977629
2023-10-25T20:32:36Z,0.00037143413886338197
2023-10-25T20:43:28Z,0.0004160147127653087
2023-10-25T20:53:39Z,0.00039120240312344717
2023-10-25T21:04:26Z,0.0003638677386105035
2023-10-25T21:14:41Z,0.00035693823849890514
2023-10-25T21:25:23Z,0.00040008866597787793
2023-10-25T21:35:40Z,0.00037968527320418166
2023-10-25T21:46:26Z,0.0003446750318842347
2023-10-25T21:56:42Z,0.0003672099141780528
2023-10-25T22:07:27Z,0.0003379973243528344
2023-10-25T22:17:38Z,0.0003798925536395931
2023-10-25T22:28:23Z,0.00041327156879795903
2023-10-25T22:38:41Z,0.000323221728272627
2023-10-25T22:49:25Z,0.00034226738990368887
2023-10-25T22:59:34Z,0.0003167132111820966
2023-10-25T23:10:24Z,0.00036189237377730983
2023-10-25T23:20:40Z,0.00035825012877601877
2023-10-25T23:31:25Z,0.00035544077022513476
2023-10-25T23:41:39Z,0.00035424935062843547
2023-10-25T23:52:28Z,0.00037806733424999937
2023-10-26T00:02:34Z,0.0004076754399487675
2023-10-26T00:13:27Z,0.0003377415456104186
2023-10-26T00:23:37Z,0.0003302037128534445
2023-10-26T00:34:27Z,0.00040281586529634944
2023-10-26T00:44:38Z,0.00033175588013100685
2023-10-26T00:55:26Z,0.00040468891863257653
2023-10-26T01:05:40Z,0.0004017852209091649
2023-10-26T01:16:25Z,0.00039492237828801736
2023-10-26T01:26:34Z,0.00036420634094569995
2023-10-26T01:37:24Z,0.0003302320588958939
2023-10-26T01:47:40Z,0.0003779982407715286
2023-10-26T01:58:24Z,0.00037216559963065235
2023-10-26T02:08:35Z,0.00033510182040731893
2023-10-26T02:19:16Z,0.00037762774913857746
2023-10-26T02:29:40Z,0.0003437916540457146
2023-10-26T02:40:23Z,0.0004219919630133695
2023-10-26T02:50:37Z,0.0003516917846577454
2023-10-26T03:01:24Z,0.0003553251715207698
2023-10-26T03:11:33Z,0.0003868253755530374
2023-10-26T03:22:03Z,0.00035749430812852126
2023-10-26T03:32:37Z,0.00037249312929301667
2023-10-26T03:43:26Z,0.0003718283260161926
2023-10-26T03:53:36Z,0.0003501106069773639
2023-10-26T04:04:23Z,0.0003487517685674441
2023-10-26T04:14:41Z,0.00039656224113440643
2023-10-26T04:25:27Z,0.00037394409234089656
2023-10-26T04:35:37Z,0.00042193305639390364
2023-10-26T04:46:26Z,0.00036990389547802765
2023-10-26T04:56:38Z,0.0003904851153774035
2023-10-26T05:07:27Z,0.0004162926368533874
2023-10-26T05:17:39Z,0.00035944774906950325
2023-10-26T05:28:26Z,0.0003904589838695212
2023-10-26T05:38:42Z,0.0003809103537262916
2023-10-26T05:49:25Z,0.0004283507775672127
2023-10-26T05:59:40Z,0.00040620188864831273
2023-10-26T06:10:23Z,0.000403402716956434
2023-10-26T06:20:40Z,0.00039011573101173364
2023-10-26T06:31:23Z,0.0003674891669868682
2023-10-26T06:41:40Z,0.0003554571577809265
2023-10-26T06:52:28Z,0.0003779231680497288
2023-10-26T07:02:41Z,0.0003383456706401234
2023-10-26T07:13:28Z,0.0003900375579415421
2023-10-26T07:23:36Z,0.00036900590171136925
2023-10-26T07:34:26Z,0.00041864380820249116
2023-10-26T07:44:42Z,0.0003959173686686823
2023-10-26T07:55:26Z,0.00041773230577497617
2023-10-26T08:05:42Z,0.0003775976314684738
2023-10-26T08:15:41Z,0.0003334012793138138
2023-10-26T08:26:38Z,0.0003782258949249495
2023-10-26T08:37:27Z,0.0004065303041245034
2023-10-26T08:47:43Z,0.0003865808909369107
2023-10-26T08:58:31Z,0.000367648170568734
2023-10-26T09:08:40Z,0.0003170276750905175
2023-10-26T09:19:17Z,0.0004384446261206783
2023-10-26T09:29:39Z,0.0003486549934068958
2023-10-26T09:40:32Z,0.00033345398523649156
2023-10-26T09:50:52Z,0.00037826199183838184
2023-10-26T10:01:23Z,0.00032097818330344916
2023-10-26T10:11:38Z,0.0004091585137478558
2023-10-26T10:22:04Z,0.0003617118892101524
2023-10-26T10:32:37Z,0.00035160918251841684
2023-10-26T10:43:29Z,0.0003850820939423975
2023-10-26T10:53:34Z,0.00038015364726496693
2023-10-26T11:04:23Z,0.0003666312562958631
2023-10-26T11:14:44Z,0.000410153725581981
2023-10-26T11:25:31Z,0.0003266783952772559
2023-10-26T11:35:33Z,0.00035935340989698064
2023-10-26T11:46:41Z,0.0004122245368549803
2023-10-26T11:56:35Z,0.0003705715776497853
2023-10-26T12:07:34Z,0.0003841993804642517
2023-10-26T12:17:38Z,0.00040930445157578353
2023-10-26T12:28:28Z,0.0004053032305212846
2023-10-26T12:38:37Z,0.0004052363515773817
2023-10-26T12:49:25Z,0.0003610814112191096
2023-10-26T12:59:41Z,0.0003640599602108627
2023-10-26T13:10:30Z,0.00036018961814923353
2023-10-26T13:20:35Z,0.00037279031983181946
2023-10-26T13:31:34Z,0.00035363193839133233
2023-10-26T13:41:39Z,0.0003845074222224304
2023-10-26T13:52:34Z,0.00035473455515192237
2023-10-26T14:02:41Z,0.00030679807556813606
2023-10-26T14:13:30Z,0.00036484611998191974
2023-10-26T14:23:40Z,0.00037482370547065394
2023-10-26T14:34:27Z,0.0003723746516937153
2023-10-26T14:44:42Z,0.0003681375827078993
2023-10-26T14:55:28Z,0.00035264204144017005
2023-10-26T15:05:40Z,0.00033895599636661253
2023-10-26T15:16:30Z,0.00034684859756111666
2023-10-26T15:26:38Z,0.00034652106789875354
2023-10-26T15:37:24Z,0.00030619062873658414
2023-10-26T15:47:36Z,0.0003459687629779002
2023-10-26T15:58:28Z,0.00033819087467393434
2023-10-26T16:08:40Z,0.0003851057894622578
2023-10-26T16:19:15Z,0.0003608041514914031
2023-10-26T16:29:36Z,0.0003645340920615196
2023-10-26T16:40:28Z,0.0003728870949923715
2023-10-26T16:50:39Z,0.0003867934862552831
2023-10-26T17:01:24Z,0.0003625507549038897
2023-10-26T17:11:39Z,0.00035602784333867637
2023-10-26T17:22:07Z,0.00027310924702393793
2023-10-26T17:32:35Z,0.0003812952398339273
2023-10-26T17:43:27Z,0.0003444551286017963
2023-10-26T17:53:43Z,0.00035892356873764805
2023-10-26T18:04:26Z,0.00032619363366068096
2023-10-26T18:14:39Z,0.00035835775515594386
2023-10-26T18:25:26Z,0.000358805312591804
2023-10-26T18:35:39Z,0.0003445324158581611
2023-10-26T18:46:23Z,0.0003406791257126967
2023-10-26T18:56:38Z,0.0003142167663654427
2023-10-26T19:07:26Z,0.00034756322786568125
2023-10-26T19:17:40Z,0.00029387870236145157
2023-10-26T19:28:23Z,0.0003209903632435642
2023-10-26T19:38:38Z,0.0003614572177350208
2023-10-26T19:49:29Z,0.00029716064258879433
2023-10-26T19:59:38Z,0.0003670351874007663
2023-10-26T20:10:25Z,0.00039680229668139855
2023-10-26T20:20:34Z,0.00034917651629727325
2023-10-26T20:31:26Z,0.0003421579918961144
2023-10-26T20:41:38Z,0.00036737888316546656
2023-10-26T20:52:24Z,0.0003790904492196559
2023-10-26T21:02:39Z,0.00032521193048741515
2023-10-26T21:13:23Z,0.0003679154648908946
2023-10-26T21:23:43Z,0.0003649191996226094
2023-10-26T21:34:23Z,0.00031304106996415764
2023-10-26T21:44:35Z,0.0002878828500230336
2023-10-26T21:55:26Z,0.000303534515977691
2023-10-26T22:05:38Z,0.0003168542770339745
2023-10-26T22:16:25Z,0.00034393183408376414
2023-10-26T22:26:38Z,0.0003112399890013406
2023-10-26T22:37:24Z,0.00035299858150535514
2023-10-26T22:47:36Z,0.0003088467414954748
2023-10-26T22:58:25Z,0.00034948345078817235
2023-10-26T23:08:37Z,0.00029982982110162966
2023-10-26T23:19:14Z,0.00031812652714234725
2023-10-26T23:29:38Z,0.000325620955021821
2023-10-26T23:40:27Z,0.00037424504758846127
2023-10-26T23:50:36Z,0.00036859377682856996
2023-10-27T00:01:24Z,0.00039307191320436845
2023-10-27T00:11:34Z,0.00037546857793637514
2023-10-27T00:22:04Z,0.0003657757815928763
2023-10-27T00:32:40Z,0.00037525022482813364
2023-10-27T00:43:28Z,0.000344151073005834
2023-10-27T00:53:35Z,0.0003275247903885203
2023-10-27T01:04:23Z,0.00034489272063210603
2023-10-27T01:14:35Z,0.0003316520184598437
2023-10-27T01:25:27Z,0.0003179117172894111
2023-10-27T01:35:38Z,0.00034355934936970125
2023-10-27T01:46:28Z,0.0003297709927991767
2023-10-27T01:56:35Z,0.00028492866091151014
2023-10-27T02:07:25Z,0.00033795170494076734
2023-10-27T02:17:37Z,0.0003435535915798317
2023-10-27T02:28:26Z,0.0003386957885550647
2023-10-27T02:38:40Z,0.00034973302883379757
2023-10-27T02:49:25Z,0.00036710937430874135
2023-10-27T02:59:37Z,0.0004047772785617742
2023-10-27T03:10:28Z,0.00037676607373880754
2023-10-27T03:20:33Z,0.00038193723340471336
2023-10-27T03:31:29Z,0.0003840109235726511
2023-10-27T03:41:39Z,0.0003940057824310034
2023-10-27T03:52:27Z,0.00035984835837256054
2023-10-27T04:02:34Z,0.00036934073933780247
2023-10-27T04:13:25Z,0.0003393056713746402
2023-10-27T04:23:33Z,0.00038338133139543585
2023-10-27T04:34:25Z,0.0003387651034869896
2023-10-27T04:44:39Z,0.00034574775242818013
2023-10-27T04:55:27Z,0.00033892920049835926
2023-10-27T05:05:36Z,0.00035240198589317587
2023-10-27T05:16:24Z,0.000364176887635966
2023-10-27T05:26:33Z,0.00036128802729414885
2023-10-27T05:37:27Z,0.00036579460513669294
2023-10-27T05:47:36Z,0.0003553377943677992
2023-10-27T05:58:24Z,0.0003556385281619114
2023-10-27T06:08:39Z,0.00033820216880022305
2023-10-27T06:19:18Z,0.00039846209033888723
2023-10-27T06:29:44Z,0.0003717995370668329
2023-10-27T06:40:26Z,0.0003587247035335905
2023-10-27T06:50:38Z,0.0003738783206642741
2023-10-27T07:01:26Z,0.00038798623457272186
2023-10-27T07:11:35Z,0.0003907679114415271
2023-10-27T07:22:06Z,0.00036920100220666735
2023-10-27T07:32:36Z,0.00033155170004398797
2023-10-27T07:43:25Z,0.00036075897498624715
2023-10-27T07:53:37Z,0.0003684516037094091
2023-10-27T08:04:27Z,0.0003843468684663685
2023-10-27T08:14:34Z,0.00034993167258440266
2023-10-27T08:25:28Z,0.0003267105060284705
2023-10-27T08:35:36Z,0.0003241830577278866
2023-10-27T08:46:26Z,0.00035100616475599867
2023-10-27T08:56:38Z,0.0003297940239586705
2023-10-27T09:07:25Z,0.00034197861459623664
2023-10-27T09:17:40Z,0.00032215764441349126
2023-10-27T09:28:23Z,0.0003706904981560007
2023-10-27T09:38:36Z,0.00033099164425215866
2023-10-27T09:49:24Z,0.000341095458211171
2023-10-27T09:59:39Z,0.0003155578884988251
2023-10-27T10:10:23Z,0.0003363676483654515
2023-10-27T10:20:39Z,0.0003167462077471363
2023-10-27T10:31:24Z,0.0003905469008918033
2023-10-27T10:41:37Z,0.00033031554684904714
2023-10-27T10:52:24Z,0.0003371340987788684
2023-10-27T11:02:35Z,0.00031710009037084076
2023-10-27T11:13:29Z,0.0003672790076565228
2023-10-27T11:23:39Z,0.00034781192009748226
2023-10-27T11:34:24Z,0.00037520925593865855
2023-10-27T11:44:33Z,0.0003716305680794208
2023-10-27T11:55:24Z,0.00033900316595287405
2023-10-27T12:05:39Z,0.000387454303369887
2023-10-27T12:16:25Z,0.00043297649736942707
2023-10-27T12:26:35Z,0.0004271730880848245
2023-10-27T12:37:27Z,0.0003323969878879686
2023-10-27T12:47:41Z,0.00037904903742326637
2023-10-27T12:58:29Z,0.00034981341643855907
2023-10-27T13:08:39Z,0.00035795382405103904
2023-10-27T13:19:15Z,0.00028585278618605
2023-10-27T13:29:39Z,0.00039661162525523957
2023-10-27T13:40:29Z,0.0002909933852749414
2023-10-27T13:50:36Z,0.00037170630516158667
2023-10-27T14:01:29Z,0.00037669033665663595
2023-10-27T14:11:39Z,0.00034943893864338696
2023-10-27T14:22:04Z,0.000323120081136033
2023-10-27T14:32:36Z,0.00037107582717054626
2023-10-27T14:43:28Z,0.00032177674446807737
2023-10-27T14:53:40Z,0.00034304136973463287
2023-10-27T15:04:27Z,0.0003352672461394269
2023-10-27T15:14:39Z,0.00033364310648845695
2023-10-27T15:25:25Z,0.0003420720679549358
2023-10-27T15:35:40Z,0.00027003503013891405
2023-10-27T15:46:25Z,0.00029901686546231774
2023-10-27T15:56:39Z,0.00032792141352935535
2023-10-27T16:07:27Z,0.0003157804492227458
2023-10-27T16:17:36Z,0.0003425477499797879
2023-10-27T16:28:26Z,0.0002961979844128022
2023-10-27T16:38:35Z,0.00034591450688102593
2023-10-27T16:49:27Z,0.00032226039881737067
2023-10-27T16:59:37Z,0.00032938610669154387
2023-10-27T17:10:27Z,0.00035317884461905677
2023-10-27T17:20:39Z,0.0003001892400617491
2023-10-27T17:31:28Z,0.00036616421095581693
2023-10-27T17:41:36Z,0.000340083415914345
2023-10-27T17:52:27Z,0.00034271073972387555
2023-10-27T18:02:34Z,0.00031930244499708523
2023-10-27T18:13:29Z,0.0003604564695644826
2023-10-27T18:23:36Z,0.0003447434610023345
2023-10-27T18:34:27Z,0.0003199975873974659
2023-10-27T18:44:41Z,0.0003396212425503457
2023-10-27T18:55:24Z,0.00033475568865459657
2023-10-27T19:05:36Z,0.00032997760887422005
2023-10-27T19:16:23Z,0.000370337279892666
2023-10-27T19:26:33Z,0.00031549986769318847
2023-10-27T19:37:24Z,0.0002988182217117155
2023-10-27T19:47:34Z,0.00035759927706696486
2023-10-27T19:58:27Z,0.0003482406539895319
2023-10-27T20:08:33Z,0.0003507862614735615
2023-10-27T20:19:17Z,0.00035593594015417206
2023-10-27T20:29:34Z,0.00033177824693012556
2023-10-27T20:40:25Z,0.0003436545743560568
2023-10-27T20:50:39Z,0.00034021230182610583
2023-10-27T21:01:24Z,0.0003412267801109589
2023-10-27T21:11:34Z,0.000366305941168065
2023-10-27T21:22:05Z,0.0003626980214525499
2023-10-27T21:32:33Z,0.00032216849563286636
2023-10-27T21:43:27Z,0.00033381761181228614
2023-10-27T21:53:35Z,0.0003468337601795247
2023-10-27T22:04:25Z,0.0003416911680095211
2023-10-27T22:14:33Z,0.0003913042717134977
2023-10-27T22:25:25Z,0.00034593355187829505
2023-10-27T22:35:33Z,0.0003261081526264229
2023-10-27T22:46:26Z,0.00037436817571035217
2023-10-27T22:56:36Z,0.00035781452982681624
2023-10-27T23:07:24Z,0.0003455320567614143
2023-10-27T23:17:34Z,0.00034963758239398793
2023-10-27T23:28:26Z,0.00038228314370397664
2023-10-27T23:38:34Z,0.000372262596244656
2023-10-27T23:49:23Z,0.00036778148554962944
2023-10-27T23:59:33Z,0.00035869059970126705
2023-10-28T00:10:27Z,0.00037388230682649224
2023-10-28T00:20:36Z,0.0003881877572182597
2023-10-28T00:31:26Z,0.0003594867248778744
2023-10-28T00:41:33Z,0.0003982486092066881
2023-10-28T00:52:24Z,0.0003756315676804611
2023-10-28T01:02:36Z,0.0003611879303317497
2023-10-28T01:13:23Z,0.00037841435181654843
2023-10-28T01:23:33Z,0.0003455852055910081
2023-10-28T01:34:27Z,0.00033260736867177514
2023-10-28T01:44:34Z,0.00035444932309977557
2023-10-28T01:55:23Z,0.00037824914753789666
2023-10-28T02:05:34Z,0.0003586246065711888
2023-10-28T02:16:24Z,0.00034107619176044243
2023-10-28T02:26:30Z,0.0003534337375476425
2023-10-28T02:36:34Z,0.00035144264951903
2023-10-28T02:47:34Z,0.0003447142291460592
2023-10-28T02:58:23Z,0.000351856103122568
2023-10-28T03:08:34Z,0.0003171525748400636
2023-10-28T03:19:14Z,0.00036827067623533777
2023-10-28T03:29:33Z,0.00031032073570284397
2023-10-28T03:40:24Z,0.0002926547291066266
2023-10-28T03:50:37Z,0.0003657454424693189
2023-10-28T04:01:28Z,0.0004256911215530179
2023-10-28T04:11:33Z,0.0003711320763485298
2023-10-28T04:22:07Z,0.0003543496690442887
2023-10-28T04:32:38Z,0.00032802549665397426
2023-10-28T04:43:24Z,0.0003970981584994676
2023-10-28T04:53:33Z,0.00034759024518739073
2023-10-28T05:04:27Z,0.00033915574738449853
2023-10-28T05:14:37Z,0.00030285066770359984
2023-10-28T05:25:08Z,0.0003731200640287525
2023-10-28T05:35:35Z,0.0003583581980628558
2023-10-28T05:46:27Z,0.00034670487426776255
2023-10-28T05:56:33Z,0.0003078475434991331
2023-10-28T06:07:25Z,0.00032683252688307606
2023-10-28T06:17:35Z,0.0003404158175527562
2023-10-28T06:28:28Z,0.00034888309046722906
2023-10-28T06:38:33Z,0.000369983175815505
2023-10-28T06:49:27Z,0.0003466382167773118
2023-10-28T06:59:40Z,0.0003533958690065596
2023-10-28T07:10:23Z,0.00036906192943589946
2023-10-28T07:20:34Z,0.00035069413683559854
2023-10-28T07:31:23Z,0.0003568261830498496
2023-10-28T07:41:33Z,0.0003245987258659908
2023-10-28T07:52:28Z,0.00034365280272840204
2023-10-28T08:02:35Z,0.00034240004052421536
2023-10-28T08:13:27Z,0.00032435800595862483
2023-10-28T08:23:33Z,0.0003617375778111224
2023-10-28T08:34:24Z,0.00033028520772548643
2023-10-28T08:44:33Z,0.0003590568837185418
2023-10-28T08:55:29Z,0.00035161848356359996
2023-10-28T09:05:34Z,0.000352807688625733
2023-10-28T09:16:26Z,0.0003698974733277875
2023-10-28T09:26:39Z,0.0003639007351755416
2023-10-28T09:37:26Z,0.0003496335962317682
2023-10-28T09:47:36Z,0.00038470185835735377
2023-10-28T09:58:23Z,0.00041215765791107866
2023-10-28T10:08:34Z,0.0003483104118283716
2023-10-28T10:19:13Z,0.0003581243432126501
2023-10-28T10:29:35Z,0.00034466351630448657
2023-10-28T10:40:28Z,0.00032731485251163024
2023-10-28T10:50:38Z,0.0004117763150587541
2023-10-28T11:01:25Z,0.0003692532652224299
2023-10-28T11:11:43Z,0.00033616125374386595
2023-10-28T11:22:05Z,0.00034321166744278036
2023-10-28T11:32:35Z,0.00041081166380164773
2023-10-28T11:43:27Z,0.0003488578447731752
2023-10-28T11:53:37Z,0.00039038479696154615
2023-10-28T12:04:24Z,0.0003370878150064291
2023-10-28T12:14:35Z,0.00036024254552537155
2023-10-28T12:25:29Z,0.0003541293228549347
2023-10-28T12:35:36Z,0.0003369268183434565
2023-10-28T12:46:31Z,0.0003673972638023647
2023-10-28T12:56:38Z,0.000368266911526575
2023-10-28T13:07:26Z,0.0003539993296758925
2023-10-28T13:17:40Z,0.00041520286439327727
2023-10-28T13:28:24Z,0.0003498776379409825
2023-10-28T13:38:35Z,0.0003131918797681282
2023-10-28T13:49:25Z,0.0003465093308655488
2023-10-28T13:59:34Z,0.00034743124160552285
2023-10-28T14:10:27Z,0.00033388139040779925
2023-10-28T14:20:38Z,0.00033411657397874693
2023-10-28T14:31:29Z,0.00032529253954562994
2023-10-28T14:41:41Z,0.00033844864649745896
2023-10-28T14:52:26Z,0.00035647451496070897
2023-10-28T15:02:40Z,0.00034838260565523376
2023-10-28T15:13:25Z,0.00034913754048890495
2023-10-28T15:23:40Z,0.00033541451268808797
2023-10-28T15:34:27Z,0.00037887785390128433
2023-10-28T15:44:42Z,0.00036836036488527746
2023-10-28T15:55:26Z,0.00036888520957750363
2023-10-28T16:05:39Z,0.00027879528597651957
2023-10-28T16:16:26Z,0.0003296542868275321
2023-10-28T16:26:35Z,0.00032976767099732917
2023-10-28T16:37:25Z,0.00031646584767103475
2023-10-28T16:47:37Z,0.00038923988259073985
2023-10-28T16:58:25Z,0.0003216713326227198
2023-10-28T17:08:34Z,0.0002938895535808238
2023-10-28T17:19:14Z,0.00032656412529363414
2023-10-28T17:29:38Z,0.0003211921073425578
2023-10-28T17:40:24Z,0.0002978777088813847
2023-10-28T17:50:38Z,0.00031863564863915227
2023-10-28T18:01:27Z,0.00031636486489480803
2023-10-28T18:11:38Z,0.00031654224911357445
2023-10-28T18:22:08Z,0.00029856952947991455
2023-10-28T18:32:43Z,0.00031475511971852384
2023-10-28T18:43:27Z,0.00028026994454425806
2023-10-28T18:53:38Z,0.0003482368892807679
2023-10-28T19:04:28Z,0.0003254940621911719
2023-10-28T19:14:36Z,0.00032239681414665745
2023-10-28T19:25:25Z,0.0003305916993094699
2023-10-28T19:35:36Z,0.00033721138603523315
2023-10-28T19:46:26Z,0.0003120310207484437
2023-10-28T19:56:41Z,0.00030213603739903563
2023-10-28T20:07:24Z,0.00036467737244796054
2023-10-28T20:17:36Z,0.0003186389704410043
2023-10-28T20:28:28Z,0.00031706266473666974
2023-10-28T20:38:38Z,0.00026516504717403284
2023-10-28T20:49:26Z,0.00026778063395036157
2023-10-28T20:59:36Z,0.0003341039511317159
2023-10-28T21:10:26Z,0.00036334931606851783
2023-10-28T21:20:34Z,0.00027019846278991357
2023-10-28T21:31:23Z,0.000319056410206762
2023-10-28T21:41:33Z,0.0002435270513795914
2023-10-28T21:52:26Z,0.00022980778828753966
2023-10-28T22:02:35Z,0.0003809218693060357
2023-10-28T22:13:28Z,0.000365395324554378
2023-10-28T22:23:37Z,0.00026701529080423253
2023-10-28T22:34:25Z,0.00031465170095427183
2023-10-28T22:44:39Z,0.00033268974935764055
2023-10-28T22:55:23Z,0.00029489140901864825
2023-10-28T23:05:33Z,0.0002475375734792718
2023-10-28T23:16:27Z,0.0002966933757952957
2023-10-28T23:26:36Z,0.0003184480775613817
2023-10-28T23:37:25Z,0.00033384640076165276
2023-10-28T23:47:33Z,0.00030801141905704375
2023-10-28T23:58:24Z,0.00032009989889443253
2023-10-29T00:08:41Z,0.0003084651771896924
2023-10-29T00:19:13Z,0.0003320512990421582
2023-10-29T00:29:33Z,0.00030562415079450736
2023-10-29T00:40:26Z,0.00031256118032363
2023-10-29T00:50:39Z,0.00034383793781815055
2023-10-29T01:01:26Z,0.00029714779828831
2023-10-29T01:11:33Z,0.00034518526064832386
2023-10-29T01:22:03Z,0.000333577556265294
2023-10-29T01:32:35Z,0.0003539762985164012
2023-10-29T01:43:23Z,0.00029262062527430233
2023-10-29T01:53:33Z,0.00029698037947509644
2023-10-29T02:04:27Z,0.00027128712798273595
2023-10-29T02:14:36Z,0.00027540881971764347
2023-10-29T02:25:23Z,0.00033018356058889205
2023-10-29T02:35:40Z,0.0002800263457419585
2023-10-29T02:46:23Z,0.00031642532168847036
2023-10-29T02:56:33Z,0.0003188847837778701
2023-10-29T03:07:27Z,0.0002951219420670072
2023-10-29T03:17:38Z,0.0003308313119495542
2023-10-29T03:28:24Z,0.0003485646403965884
2023-10-29T03:38:34Z,0.0003339549129554013
2023-10-29T03:49:26Z,0.00034475209768714416
2023-10-29T03:59:33Z,0.0003181858766687275
2023-10-29T04:10:28Z,0.0003307004329566816
2023-10-29T04:20:33Z,0.00035692827309335843
2023-10-29T04:31:26Z,0.0003010168116291981
2023-10-29T04:41:34Z,0.00032246457890438955
2023-10-29T04:52:24Z,0.0002998211844168208
2023-10-29T05:02:34Z,0.00037204136424147854
2023-10-29T05:13:24Z,0.0002821113300361874
2023-10-29T05:23:34Z,0.00027982814489827033
2023-10-29T05:34:28Z,0.00032354704340042587
2023-10-29T05:44:37Z,0.00029223485335284194
2023-10-29T05:55:23Z,0.00027084089926761404
2023-10-29T06:05:36Z,0.00030623558378828147
2023-10-29T06:16:26Z,0.000328964680763566
2023-10-29T06:26:34Z,0.00029255906121336035
2023-10-29T06:37:26Z,0.0002925349227865873
2023-10-29T06:47:36Z,0.0003520509821644103
2023-10-29T06:57:35Z,0.00031013272171815986
2023-10-29T07:08:33Z,0.00030601789504040763
2023-10-29T07:19:14Z,0.00028242712266534823
2023-10-29T07:29:34Z,0.0003189213235982135
2023-10-29T07:40:26Z,0.0003046393472728506
2023-10-29T07:50:33Z,0.0003254262974334398
2023-10-29T08:01:27Z,0.00028611897324092646
2023-10-29T08:11:35Z,0.0003208758718064846
2023-10-29T08:22:07Z,0.00027421961465550675
2023-10-29T08:32:39Z,0.00026762583798417333
2023-10-29T08:43:27Z,0.00031094235555562095
2023-10-29T08:53:36Z,0.0002806725469284238
2023-10-29T09:04:27Z,0.000271599155903134
2023-10-29T09:14:42Z,0.00028607313237540406
2023-10-29T09:25:24Z,0.000358031997121231
2023-10-29T09:35:36Z,0.0003124438099916136
2023-10-29T09:46:26Z,0.00033781661833222045
2023-10-29T09:56:40Z,0.0002788482133526572
2023-10-29T10:07:26Z,0.0002670290209185391
2023-10-29T10:17:39Z,0.00032367083588268406
2023-10-29T10:28:28Z,0.0002688513614131948
2023-10-29T10:38:37Z,0.00029077813251508967
2023-10-29T10:49:23Z,0.00032407587425487347
2023-10-29T10:59:33Z,0.0002842306396161922
2023-10-29T11:10:25Z,0.00030275810015872374
2023-10-29T11:20:42Z,0.0003316887797336441
2023-10-29T11:31:26Z,0.0003033245781008022
2023-10-29T11:41:36Z,0.0002776866899726013
2023-10-29T11:52:28Z,0.00031219268177178853
2023-10-29T12:02:43Z,0.00029061115660878803
2023-10-29T12:13:25Z,0.00031326717394338497
2023-10-29T12:23:37Z,0.0003215249518878838
2023-10-29T12:34:25Z,0.0003115048473354768
2023-10-29T12:44:36Z,0.00033139513245014667
2023-10-29T12:55:25Z,0.00030024593214664783
2023-10-29T13:05:33Z,0.00030831126703733134
2023-10-29T13:16:27Z,0.00031786521206351813
2023-10-29T13:26:37Z,0.0002724639316512986
2023-10-29T13:37:26Z,0.0002652126596672108
2023-10-29T13:47:33Z,0.0003129303432358412
2023-10-29T13:58:25Z,0.00031770155795906446
2023-10-29T14:08:39Z,0.0002609902066095339
2023-10-29T14:19:13Z,0.0002831674415708844
2023-10-29T14:29:41Z,0.0002851022804215154
2023-10-29T14:40:31Z,0.00028664691828154894
2023-10-29T14:50:40Z,0.00037493199621094713
2023-10-29T15:01:24Z,0.00037161263034943254
2023-10-29T15:11:35Z,0.0004304417411047722
2023-10-29T15:22:09Z,0.0002658216566729592
2023-10-29T15:32:37Z,0.00022126987172039583
2023-10-29T15:43:27Z,0.0002530685950122111
2023-10-29T15:53:38Z,0.00027794224726155806
2023-10-29T16:04:26Z,0.0002942693462589589
2023-10-29T16:14:34Z,0.0002856215887773225
2023-10-29T16:25:30Z,0.00021471174905557985
2023-10-29T16:35:35Z,0.0002489958444912181
2023-10-29T16:46:26Z,0.00028059747420662194
2023-10-29T16:56:35Z,0.00029053696970081627
2023-10-29T17:07:24Z,0.0002839660027355139
2023-10-29T17:17:35Z,0.00028777920980532827
2023-10-29T17:28:27Z,0.0022332934457641807
2023-10-29T17:38:36Z,0.0019937326257929364
2023-10-29T17:49:24Z,0.0022570013670177966
2023-10-29T17:59:36Z,0.0023500693967036168
2023-10-29T18:10:25Z,0.002289105696079771
2023-10-29T18:20:34Z,0.002307808547759955
2023-10-29T18:31:30Z,0.0020167325603456894
2023-10-29T18:41:34Z,0.0021287096148798323
2023-10-29T18:52:26Z,0.0019569979264061734
2023-10-29T19:02:35Z,0.0018080060338626083
2023-10-29T19:13:23Z,0.00025662425171195505
2023-10-29T19:23:39Z,0.0002543082914624585
2023-10-29T19:34:23Z,0.0030208111694178786
2023-10-29T19:44:39Z,0.0034413729860082883
2023-10-29T19:55:24Z,0.004020695228567926
2023-10-29T20:05:33Z,0.0041875829963956895
2023-10-29T20:16:28Z,0.004365000876086489
2023-10-29T20:26:33Z,0.004381103421278855
2023-10-29T20:37:26Z,0.0043061520559735025
2023-10-29T20:47:36Z,0.004630281521964872
2023-10-29T20:58:24Z,0.004764838192391071
2023-10-29T21:08:34Z,0.0047904751947054494
2023-10-29T21:19:14Z,0.004703172484309692
2023-10-29T21:29:38Z,0.004836825846086267
2023-10-29T21:40:27Z,0.004964574372895111
2023-10-29T21:50:34Z,0.005319010187334028
2023-10-29T22:01:27Z,0.005298120039862645
2023-10-29T22:11:35Z,0.004487189370959563
2023-10-29T22:22:03Z,0.004659068478246444
2023-10-29T22:32:33Z,0.004643919068731434
2023-10-29T22:43:23Z,0.004698011068595873
2023-10-29T22:53:35Z,0.004813230644642072
2023-10-29T23:04:25Z,0.004786632977232812
2023-10-29T23:14:33Z,0.00466642693370354
2023-10-29T23:25:25Z,0.0049074203360857625
2023-10-29T23:35:35Z,0.004589531871409307
2023-10-29T23:46:23Z,0.004760458728832654
2023-10-29T23:56:37Z,0.004638763853714408
2023-10-30T00:07:23Z,0.004500211498570129
2023-10-30T00:17:33Z,0.004664865022473892
2023-10-30T00:28:23Z,0.004706670120203798
2023-10-30T00:38:33Z,0.004768330734855678
2023-10-30T00:49:23Z,0.004600674080626475
2023-10-30T00:59:34Z,0.004846441133719942
2023-10-30T01:10:23Z,0.004873794621776702
2023-10-30T01:20:33Z,0.004990429285410808
2023-10-30T01:31:27Z,0.004894439620271585
2023-10-30T01:41:33Z,0.00485602408914895
2023-10-30T01:52:23Z,0.004854636240336217
2023-10-30T02:02:36Z,0.00494098980121684
2023-10-30T02:13:25Z,0.005177364127400532
2023-10-30T02:23:33Z,0.00492259964181742
2023-10-30T02:34:23Z,0.005246514297955857
2023-10-30T02:44:33Z,0.004848200802886377
2023-10-30T02:55:23Z,0.004877792078122434
2023-10-30T03:05:33Z,0.005188101962605897
2023-10-30T03:16:24Z,0.00507748507520242
2023-10-30T03:26:33Z,0.005154651639434505
2023-10-30T03:37:25Z,0.0049010373831051435
2023-10-30T03:47:33Z,0.004855555493634709
2023-10-30T03:58:23Z,0.004912344132240609
2023-10-30T04:08:33Z,0.004926500101549143
2023-10-30T04:19:13Z,0.004811346518633018
2023-10-30T04:29:33Z,0.004861116189930838
2023-10-30T04:40:23Z,0.004764219451433231
2023-10-30T04:50:33Z,0.004647259472671328
2023-10-30T05:01:23Z,0.004888114909550066
2023-10-30T05:11:33Z,0.005065130408310155
2023-10-30T05:22:03Z,0.005056360408520454
2023-10-30T05:32:33Z,0.004943077000045629
2023-10-30T05:43:24Z,0.00491331232675301
2023-10-30T05:53:35Z,0.004971920869865552
2023-10-30T06:04:23Z,0.0051424962806532115
2023-10-30T06:14:33Z,0.005169049214464229
2023-10-30T06:25:07Z,0.005167070527829184
2023-10-30T06:35:33Z,0.005190066697673181
2023-10-30T06:46:24Z,0.005192677412473451
2023-10-30T06:56:33Z,0.005069121442505642
2023-10-30T07:07:27Z,0.005136981868129517
2023-10-30T07:17:33Z,0.005415282427083917
2023-10-30T07:28:23Z,0.0059649307922681645
2023-10-30T07:38:33Z,0.0056696801857428515
2023-10-30T07:49:25Z,0.005727720036378748
2023-10-30T07:59:34Z,0.005722304835003631
2023-10-30T08:10:29Z,0.0052452582139498145
2023-10-30T08:20:39Z,0.005484986231280822
2023-10-30T08:31:28Z,0.005596898178498698
2023-10-30T08:41:33Z,0.00577349535167921
2023-10-30T08:52:26Z,0.005692164133741641
2023-10-30T09:02:33Z,9.152073438431024e-05
2023-10-30T09:05:02Z,0.00010382203099352347
2023-10-30T09:23:37Z,0.00013529344607642895
2023-10-30T09:34:28Z,0.00014615972428663927
2023-10-30T09:44:46Z,0.00012445551390866515
2023-10-30T09:55:27Z,8.870052461405276e-05
2023-10-30T10:05:39Z,0.0001253625872670464
2023-10-30T10:16:30Z,8.844651749928924e-05
2023-10-30T10:26:36Z,0.00010776390252164424
2023-10-30T10:37:25Z,0.00011486613632941418
2023-10-30T10:47:37Z,0.00011325484097893189
2023-10-30T10:58:25Z,0.0001224394016394517
2023-10-30T11:08:36Z,0.00014497096213141983
2023-10-30T11:19:15Z,0.00013980179554662326
2023-10-30T11:29:34Z,0.00012148294416024144
2023-10-30T11:40:24Z,0.00013533065025714334
2023-10-30T11:50:36Z,0.00011604138982378157
2023-10-30T12:01:26Z,0.00011697348742276383
2023-10-30T12:11:38Z,0.00013786385634760175
2023-10-30T12:22:07Z,0.00012463599847582416
2023-10-30T12:32:34Z,0.00013552242895058938
2023-10-30T12:43:26Z,0.00019390597535117894
2023-10-30T12:53:36Z,0.000205375492777264
2023-10-30T13:04:26Z,0.0004475740448704959
2023-10-30T13:14:34Z,0.00033814038328582323
2023-10-30T13:25:27Z,0.00010805998579316577
2023-10-30T13:35:39Z,0.00012544961847550255
2023-10-30T13:46:23Z,0.00011640457349266418
2023-10-30T13:56:34Z,0.00013489305822683234
2023-10-30T14:07:27Z,0.00010832196523236673
2023-10-30T14:17:36Z,0.00013065643214792873
2023-10-30T14:28:28Z,9.818626197559676e-05
2023-10-30T14:38:42Z,0.0001569274557086531
2023-10-30T14:49:26Z,0.00013957812755542207
2023-10-30T14:59:40Z,0.00013448934857538205
2023-10-30T15:10:23Z,0.00010437300719363525
2023-10-30T15:20:43Z,0.00010477627393816787
2023-10-30T15:31:25Z,5.972887614965524e-05
2023-10-30T15:41:36Z,8.013736235285213e-05
2023-10-30T15:52:27Z,0.0001185562152773414
2023-10-30T16:02:37Z,0.0001239559149104941
2023-10-30T16:13:25Z,0.00013789020930894146
2023-10-30T16:23:35Z,0.00016425402186799398
2023-10-30T16:34:26Z,0.00012127942843359314
2023-10-30T16:44:40Z,0.0001324504266001363
2023-10-30T16:55:28Z,0.00012086796791116239
2023-10-30T17:05:41Z,0.00012975113041719852
2023-10-30T17:16:24Z,0.00011299950514343093
2023-10-30T17:26:42Z,0.0001007748314302148
2023-10-30T17:37:26Z,0.00011949849973532777
2023-10-30T17:47:40Z,0.0001557874133138892
2023-10-30T17:58:25Z,9.629704253703492e-05
2023-10-30T18:08:35Z,0.00013593145348499773
2023-10-30T18:19:14Z,7.034003997782241e-05
2023-10-30T18:29:42Z,9.863802702713327e-05
2023-10-30T18:40:29Z,9.188923293615212e-05
2023-10-30T18:50:36Z,0.0001184902221472624
2023-10-30T19:01:25Z,0.00012050323406808327
2023-10-30T19:11:45Z,0.00011983732352397994
2023-10-30T19:22:08Z,0.00010228890871323395
2023-10-30T19:32:33Z,0.00010233541393912736
2023-10-30T19:43:25Z,9.28948530827356e-05
2023-10-30T19:53:35Z,0.00010651379775893284
2023-10-30T20:04:28Z,9.292917836851564e-05
2023-10-30T20:14:35Z,0.00011409481393995285
2023-10-30T20:25:24Z,0.00011619264253466691
2023-10-30T20:35:33Z,0.0001123437814583313
2023-10-30T20:46:24Z,0.00011443452354243055
2023-10-30T20:56:38Z,0.00010564149259324357
2023-10-30T21:07:26Z,0.00011498660700982443
2023-10-30T21:17:38Z,9.827617207898933e-05
2023-10-30T21:28:24Z,0.00010592295993662847
2023-10-30T21:38:37Z,0.0001170853214183636
