frame_time,score
2023-10-15T15:01:24Z,0.15489625194772136
2023-10-15T15:11:33Z,0.1505230672268312
2023-10-15T15:22:03Z,0.15174335884015117
2023-10-15T15:32:33Z,0.1543764345876881
2023-10-15T15:43:26Z,0.15448161342705435
2023-10-15T15:53:36Z,0.1569967525926602
2023-10-15T16:04:29Z,0.15760071627499941
2023-10-15T16:14:33Z,0.15785915299177308
2023-10-15T16:25:23Z,0.15467464597105468
2023-10-15T16:35:40Z,0.1572634276942321
2023-10-15T16:46:26Z,0.18665274235451698
2023-10-15T16:56:37Z,0.1801270058939221
2023-10-15T17:07:23Z,0.17467219104446513
2023-10-15T17:17:33Z,0.16733363175052066
2023-10-15T17:28:27Z,0.16193418358241987
2023-10-15T17:38:33Z,0.16679068703987082
2023-10-15T17:49:23Z,0.16600748857363612
2023-10-15T17:59:33Z,0.16484558811068764
2023-10-15T18:10:24Z,0.14448745947068972
2023-10-15T18:20:33Z,0.90548614700931
2023-10-15T18:31:23Z,0.9030609714229696
2023-10-15T18:41:33Z,0.9054787754270942
2023-10-15T18:52:23Z,0.9016103373945324
2023-10-15T19:02:35Z,0.09005111055695365
2023-10-15T19:13:23Z,0.08141271710924723
2023-10-15T19:23:42Z,0.07988288866846863
2023-10-15T19:34:25Z,0.07483018482259651
2023-10-15T19:44:39Z,0.0647444489158432
2023-10-15T19:55:24Z,0.050328731106845895
2023-10-15T20:05:40Z,0.030702264388632088
2023-10-15T20:16:33Z,0.0009952781054280463
2023-10-15T20:26:35Z,0.0012023934621594999
2023-10-15T20:37:27Z,0.0009814701562081045
2023-10-15T20:47:40Z,0.0010629005941293897
2023-10-15T20:58:30Z,0.001032018113890631
2023-10-15T21:08:39Z,0.001138525177196559
2023-10-15T21:19:13Z,0.0011478651994213393
2023-10-15T21:29:36Z,0.001035349711948109
2023-10-15T21:40:23Z,0.0010540181116946304
2023-10-15T21:50:33Z,0.0010654939665341386
2023-10-15T22:01:24Z,0.0010207758809057336
2023-10-15T22:11:33Z,0.012984728879773208
2023-10-15T22:22:07Z,0.0011526885324570047
2023-10-15T22:32:36Z,0.0011164366311299044
2023-10-15T22:43:23Z,0.0011337217371952433
2023-10-15T22:53:33Z,0.0009887745387838433
2023-10-15T23:04:23Z,0.0012499766299301023
2023-10-15T23:14:33Z,0.0011588049127253424
2023-10-15T23:25:24Z,0.0011206284816239849
2023-10-15T23:35:33Z,0.0010209044578350643
2023-10-15T23:46:23Z,0.0011793277314299504
2023-10-15T23:56:33Z,0.0011036851961122682
2023-10-16T00:07:23Z,0.0011185341332638123
2023-10-16T00:17:33Z,0.0010738286627303593
2023-10-16T00:28:23Z,0.0011276521783370147
2023-10-16T00:38:33Z,0.0010887760946617236
2023-10-16T00:49:23Z,0.0009761749701015993
2023-10-16T00:59:33Z,0.0012859798683278393
2023-10-16T01:10:23Z,0.001193103415118575
2023-10-16T01:20:33Z,0.0012669366547024212
2023-10-16T01:31:23Z,0.0012643905889037456
2023-10-16T01:41:33Z,0.0011057666867795098
2023-10-16T01:52:24Z,0.0011603277002449532
2023-10-16T02:02:33Z,0.0009877544142785116
2023-10-16T02:13:23Z,0.001070236757040487
2023-10-16T02:23:33Z,0.0012490535446167171
2023-10-16T02:34:23Z,0.0011080570543074058
2023-10-16T02:44:33Z,0.0011734469138000565
2023-10-16T02:55:23Z,0.0012041418658003823
2023-10-16T03:05:33Z,0.0011499183061249292
2023-10-16T03:16:23Z,0.0012348887337683978
2023-10-16T03:26:33Z,0.0012973218090824603
2023-10-16T03:37:23Z,0.001204248366313545
2023-10-16T03:47:33Z,0.0011178584978898934
2023-10-16T03:58:23Z,0.001081492575512259
2023-10-16T04:08:33Z,0.001224556000610012
2023-10-16T04:19:13Z,0.0010679631287732034
2023-10-16T04:29:33Z,0.0011490197232075145
2023-10-16T04:40:23Z,0.0011535271936733943
2023-10-16T04:50:33Z,0.0011292715198526124
2023-10-16T05:01:23Z,0.0011641156251025553
2023-10-16T05:11:33Z,0.0012286838052374051
2023-10-16T05:22:03Z,0.001042435998939952
2023-10-16T05:32:33Z,0.0011501385850906443
2023-10-16T05:43:23Z,0.0009895765677052737
2023-10-16T05:53:33Z,0.0012383671036036885
2023-10-16T06:04:27Z,0.0011710733351650677
2023-10-16T06:14:33Z,0.01231036544705927
2023-10-16T06:25:23Z,0.011678063894692224
2023-10-16T06:35:33Z,0.009747051659807994
2023-10-16T06:46:23Z,0.008271378123476695
2023-10-16T06:56:33Z,0.005973178077198996
2023-10-16T07:07:23Z,0.01025789895953572
2023-10-16T07:17:33Z,0.007023717333862378
2023-10-16T07:28:29Z,0.00605118230385066
2023-10-16T07:38:33Z,0.0081905840200566
2023-10-16T07:49:29Z,0.00410980628326662
2023-10-16T07:59:33Z,0.0056416497428658
2023-10-16T08:10:24Z,0.005115377093186366
2023-10-16T08:20:33Z,0.0011362527619191716
2023-10-16T08:31:26Z,0.0010972946801266863
2023-10-16T08:41:33Z,0.0012753436450966436
2023-10-16T08:52:23Z,0.001172781224943315
2023-10-16T09:02:37Z,0.0011671941934670344
2023-10-16T09:13:27Z,0.0012121187299763035
2023-10-16T09:23:33Z,0.0012571393352855983
2023-10-16T09:34:36Z,0.0012322514511292901
2023-10-16T09:44:33Z,0.0012217137226779244
2023-10-16T09:55:24Z,0.014575067564277289
2023-10-16T10:05:33Z,0.011219653177920239
2023-10-16T10:16:27Z,0.0012389415756200086
2023-10-16T10:26:33Z,0.00114884796383777
2023-10-16T10:37:29Z,0.0011443926519375614
2023-10-16T10:47:40Z,0.0010610689793814142
2023-10-16T10:58:28Z,0.0012635252419095691
2023-10-16T11:08:33Z,0.017731379119981835
2023-10-16T11:19:14Z,0.023377512316113538
2023-10-16T11:29:36Z,0.021948888959791083
2023-10-16T11:40:25Z,0.015081384104133079
2023-10-16T11:50:33Z,0.02146866431786567
2023-10-16T12:01:27Z,0.023426477079379466
2023-10-16T12:11:33Z,0.014759454886667175
2023-10-16T12:22:03Z,0.020340867308534676
2023-10-16T12:32:34Z,0.022048183827753615
2023-10-16T12:43:30Z,0.019599365612687266
2023-10-16T12:53:35Z,0.01037873846889406
2023-10-16T13:04:24Z,0.012690472086076486
2023-10-16T13:14:33Z,0.014578189557680157
2023-10-16T13:25:25Z,0.014111905080873718
2023-10-16T13:35:33Z,0.014426809631234687
2023-10-16T13:46:24Z,0.012257307328079085
2023-10-16T13:56:33Z,0.014517151905946277
2023-10-16T14:07:30Z,0.014443926616899973
2023-10-16T14:17:36Z,0.015999737543919902
2023-10-16T14:28:26Z,0.01736086820146021
2023-10-16T14:38:35Z,0.013834789290042272
2023-10-16T14:43:24Z,0.011081437345656156
2023-10-16T14:59:33Z,0.0177298374098198
2023-10-16T15:10:23Z,0.01670159897245547
2023-10-16T15:20:33Z,0.018972856087089436
2023-10-16T15:31:27Z,0.01701231094452842
2023-10-16T15:41:33Z,0.020537103358859055
2023-10-16T15:52:24Z,0.01606088776111639
2023-10-16T16:02:33Z,0.016499092492145467
2023-10-16T16:13:26Z,0.015368550244074327
2023-10-16T16:23:33Z,0.016119191333617226
2023-10-16T16:34:26Z,0.01607028940322806
2023-10-16T16:44:33Z,0.011567822763280212
2023-10-16T16:55:25Z,0.012315622060086977
2023-10-16T17:05:33Z,0.014356938016662
2023-10-16T17:16:25Z,0.011159266659164335
2023-10-16T17:26:33Z,0.010675391160239934
2023-10-16T17:37:23Z,0.058893655211938296
2023-10-16T17:47:33Z,0.11151600296142845
2023-10-16T17:58:23Z,0.13479652775896586
2023-10-16T18:08:34Z,0.15186179104975525
2023-10-16T18:19:14Z,0.17141637040678184
2023-10-16T18:29:33Z,0.19269555163169053
2023-10-16T18:40:23Z,0.2184964042804271
2023-10-16T18:50:33Z,0.24898132586669247
2023-10-16T19:01:23Z,0.29317161945427045
2023-10-16T19:11:33Z,0.34658166950149083
2023-10-16T19:22:03Z,0.3973931215834752
2023-10-16T19:32:33Z,0.42607756562988175
2023-10-16T19:43:24Z,0.44918430803312076
2023-10-16T19:53:39Z,0.46044486444343635
2023-10-16T20:04:23Z,0.4508867839948481
2023-10-16T20:14:40Z,0.4574227777406291
2023-10-16T20:25:33Z,0.4596489470503136
2023-10-16T20:35:33Z,0.4586801366270864
2023-10-16T20:46:31Z,0.4485216674199906
2023-10-16T20:56:37Z,0.4364769880025391
2023-10-16T21:07:29Z,0.41425834658580135
2023-10-16T21:17:42Z,0.39087299398817466
2023-10-16T21:28:32Z,0.35889723988820826
2023-10-16T21:38:39Z,0.3359210147129393
2023-10-16T21:49:25Z,0.30693565504348513
2023-10-16T21:59:33Z,0.2905396504387172
2023-10-16T22:10:24Z,0.2613090475010252
2023-10-16T22:20:33Z,0.22271693592067338
2023-10-16T22:31:23Z,0.18712218424403132
2023-10-16T22:41:33Z,0.15234137887198365
2023-10-16T22:52:29Z,0.11763777472727416
2023-10-16T23:02:33Z,0.0913760688853042
2023-10-16T23:13:23Z,0.07015814923006478
2023-10-16T23:23:36Z,0.049668767319824815
2023-10-16T23:34:26Z,0.03086518615656758
2023-10-16T23:44:35Z,0.01689692091359178
2023-10-16T23:55:27Z,0.0010720033555298614
2023-10-17T00:05:33Z,0.0011189363607144284
2023-10-17T00:16:24Z,0.0012803591157323608
2023-10-17T00:26:36Z,0.0012472034924222745
2023-10-17T00:37:27Z,0.0011484782445164582
2023-10-17T00:47:33Z,0.0011194101545691005
2023-10-17T00:58:29Z,0.0011001820812830325
2023-10-17T01:08:33Z,0.001027914083865268
2023-10-17T01:19:13Z,0.0011602568616348367
2023-10-17T01:29:34Z,0.0011308374898126353
2023-10-17T01:40:23Z,0.0011989364409464313
2023-10-17T01:50:33Z,0.0011645714667067207
2023-10-17T02:01:27Z,0.000954718876968458
2023-10-17T02:11:33Z,0.0010567439425963913
2023-10-17T02:22:03Z,0.0010371267421506126
2023-10-17T02:32:33Z,0.0009148267929534945
2023-10-17T02:43:28Z,0.0010634573564931795
2023-10-17T02:53:33Z,0.0011064719191069754
2023-10-17T03:04:29Z,0.0011018409662693427
2023-10-17T03:14:33Z,0.0011376054882548936
2023-10-17T03:25:31Z,0.0010962728574354951
2023-10-17T03:35:33Z,0.0011266859105832192
2023-10-17T03:46:24Z,0.0009138627085815138
2023-10-17T03:56:33Z,0.0010343334690104597
2023-10-17T04:07:28Z,0.0010884740601767942
2023-10-17T04:17:33Z,0.0010923471369253287
2023-10-17T04:28:26Z,0.0011780727720801158
2023-10-17T04:38:35Z,0.0011459632312591998
2023-10-17T04:49:24Z,0.0010590093225323607
2023-10-17T04:59:33Z,0.0011695544292131357
2023-10-17T05:10:24Z,0.0011529061428449403
2023-10-17T05:20:33Z,0.0011167830610451502
2023-10-17T05:31:29Z,0.0010584598381079724
2023-10-17T05:41:36Z,0.00121361046495449
2023-10-17T05:52:25Z,0.0010895417338861791
2023-10-17T06:02:33Z,0.0010713983161680747
2023-10-17T06:13:24Z,0.0011407153517587743
2023-10-17T06:23:33Z,0.0011504333416361803
2023-10-17T06:34:30Z,0.0010926722182183469
2023-10-17T06:44:35Z,0.006204675016102781
2023-10-17T06:55:31Z,0.005466511225860286
2023-10-17T07:05:33Z,0.004698178921233761
2023-10-17T07:16:25Z,0.006736903688785877
2023-10-17T07:26:33Z,0.008220068165539414
2023-10-17T07:37:29Z,0.007265133376368875
2023-10-17T07:47:35Z,0.007327655727739535
2023-10-17T07:58:25Z,0.009774049418595188
2023-10-17T08:08:33Z,0.0010905645269692888
2023-10-17T08:19:14Z,0.0010701972135697712
2023-10-17T08:29:33Z,0.001175948341570441
2023-10-17T08:40:23Z,0.0010941860296127012
2023-10-17T08:50:33Z,0.001082832444155046
2023-10-17T09:01:24Z,0.0011610882449118248
2023-10-17T09:11:33Z,0.0010750545103226177
2023-10-17T09:22:04Z,0.0011761688631341351
2023-10-17T09:32:33Z,0.001146986266940292
2023-10-17T09:43:30Z,0.0011282688624018322
2023-10-17T09:53:33Z,0.001180961871422319
2023-10-17T10:04:24Z,0.0010932656128770939
2023-10-17T10:14:33Z,0.0011284190305513695
2023-10-17T10:25:26Z,0.0010770704995352886
2023-10-17T10:35:33Z,0.0010830408358197532
2023-10-17T10:46:24Z,0.0011015588248187603
2023-10-17T10:56:33Z,0.001104693190718606
2023-10-17T11:07:23Z,0.001058703891675714
2023-10-17T11:17:33Z,0.0010460245082580997
2023-10-17T11:28:28Z,0.0008888263544615309
2023-10-17T11:38:34Z,0.014803195302436751
2023-10-17T11:49:26Z,0.008959365373543842
2023-10-17T11:59:33Z,0.01392185164006611
2023-10-17T12:10:23Z,0.012480881502156467
2023-10-17T12:20:33Z,0.02408626134389548
2023-10-17T12:31:23Z,0.04061203015250479
2023-10-17T12:41:33Z,0.025934059075314504
2023-10-17T12:52:23Z,0.045190516567628986
2023-10-17T13:02:33Z,0.07887025655914898
2023-10-17T13:13:23Z,0.050030053207564096
2023-10-17T13:23:33Z,0.015408384832368083
2023-10-17T13:34:24Z,0.011683633216515967
2023-10-17T13:44:33Z,0.010362691097721984
2023-10-17T13:55:24Z,0.0074104413179763365
2023-10-17T14:05:33Z,0.0011375766190952867
2023-10-17T14:16:24Z,0.0011264911044053868
2023-10-17T14:26:33Z,0.0010411565371941434
2023-10-17T14:37:26Z,0.004863458984131541
2023-10-17T14:47:33Z,0.005847255169770576
2023-10-17T14:58:23Z,0.00371926720332131
2023-10-17T15:08:33Z,0.006861021424646109
2023-10-17T15:19:14Z,0.006423849190619359
2023-10-17T15:29:33Z,0.0009529321428467559
2023-10-17T15:40:37Z,0.0010339407028810597
2023-10-17T15:50:33Z,0.0011514505549657516
2023-10-17T16:01:25Z,0.0009384165353195497
2023-10-17T16:11:34Z,0.0011285658023291846
2023-10-17T16:22:03Z,0.0009918210842149824
2023-10-17T16:32:34Z,0.001025877959020263
2023-10-17T16:43:23Z,0.0010989897122119976
2023-10-17T16:53:34Z,0.0009867192486984345
2023-10-17T17:04:28Z,0.0010726008743542651
2023-10-17T17:14:33Z,0.00111911418503367
2023-10-17T17:25:24Z,0.0011253016465101113
2023-10-17T17:35:33Z,0.007928833900073822
2023-10-17T17:46:24Z,0.00279565229854722
2023-10-17T17:56:33Z,0.004422283155643074
2023-10-17T18:07:24Z,0.0041234613957592415
2023-10-17T18:17:33Z,0.005494400774821457
2023-10-17T18:28:24Z,0.004100876251627809
2023-10-17T18:38:33Z,0.005091570468226325
2023-10-17T18:49:30Z,0.002378804438077542
2023-10-17T18:59:39Z,0.004046783209665527
2023-10-17T19:10:32Z,0.004064294417048096
2023-10-17T19:20:33Z,0.0009991768975624485
2023-10-17T19:31:29Z,0.0010097265133148286
2023-10-17T19:41:39Z,0.0009398798863340913
2023-10-17T19:52:28Z,0.004285201468934837
2023-10-17T20:02:38Z,0.0010486542703598341
2023-10-17T20:13:32Z,0.0009938746761145336
2023-10-17T20:23:33Z,0.0009329791867968465
2023-10-17T20:34:27Z,0.006613868910307744
2023-10-17T20:44:36Z,0.00581620238574996
2023-10-17T20:55:30Z,0.005330680374336223
2023-10-17T21:05:33Z,0.0010528441800700707
2023-10-17T21:16:24Z,0.0009611249192247575
2023-10-17T21:26:35Z,0.001016286120092388
2023-10-17T21:37:27Z,0.0010855223705557853
2023-10-17T21:47:33Z,0.0010750321913084735
2023-10-17T21:58:29Z,0.000996719137428444
2023-10-17T22:08:44Z,0.0011006607270973017
2023-10-17T22:19:17Z,0.001079196385632845
2023-10-17T22:29:33Z,0.0010511290123524273
2023-10-17T22:40:29Z,0.0011267878017347584
2023-10-17T22:50:33Z,0.0011960628678749404
2023-10-17T23:00:36Z,0.0010315547517490925
2023-10-17T23:11:38Z,0.0009986240167663386
2023-10-17T23:22:07Z,0.0010312481079025424
2023-10-17T23:32:33Z,0.0009889528482990427
2023-10-17T23:43:31Z,0.0009415222746577753
2023-10-17T23:53:37Z,0.0010327281981776962
2023-10-18T00:04:32Z,0.0010581624129846622
2023-10-18T00:14:41Z,0.0010344038224246212
2023-10-18T00:25:27Z,0.0011166304669158196
2023-10-18T00:35:34Z,0.001067841829783267
2023-10-18T00:46:24Z,0.0011136351096584344
2023-10-18T00:56:34Z,0.0010876104113684809
2023-10-18T01:07:31Z,0.0010767386254988377
2023-10-18T01:17:40Z,0.0010327774455676081
2023-10-18T01:28:29Z,0.0011097164244896834
2023-10-18T01:38:39Z,0.0009969202511537505
2023-10-18T01:49:31Z,0.001116551865170342
2023-10-18T01:59:35Z,0.0010180427720645848
2023-10-18T02:10:09Z,0.0009310682425094584
2023-10-18T02:20:34Z,0.0010527008046639702
2023-10-18T02:31:26Z,0.0012019325259977577
2023-10-18T02:41:35Z,0.0010921894482384168
2023-10-18T02:52:29Z,0.001154657942857542
2023-10-18T03:02:35Z,0.0010932224304366826
2023-10-18T03:13:25Z,0.0010806546420898061
2023-10-18T03:23:39Z,0.0011195263590014527
2023-10-18T03:34:29Z,0.0010652906694270136
2023-10-18T03:44:40Z,0.001099113922377689
2023-10-18T03:55:25Z,0.001001969685506649
2023-10-18T04:05:36Z,0.0010379882075771149
2023-10-18T04:16:27Z,0.0010458428023711849
2023-10-18T04:26:34Z,0.001091075680912863
2023-10-18T04:37:28Z,0.0010334254247718235
2023-10-18T04:47:38Z,0.001079459847038976
2023-10-18T04:58:24Z,0.000937091222555553
2023-10-18T05:08:39Z,0.0009270107912962267
2023-10-18T05:19:20Z,0.0009475454973018479
2023-10-18T05:29:34Z,0.0010924842047839562
2023-10-18T05:40:30Z,0.0011680243637541342
2023-10-18T05:50:39Z,0.0010453653695468132
2023-10-18T06:01:30Z,0.0010489060870629324
2023-10-18T06:11:33Z,0.0010646841744773544
2023-10-18T06:22:05Z,0.0010093453918884631
2023-10-18T06:32:35Z,0.006267605902471525
2023-10-18T06:43:28Z,0.0050280563763139725
2023-10-18T06:53:33Z,0.005308996966895944
2023-10-18T07:04:30Z,0.0050323015983636255
2023-10-18T07:14:36Z,0.005230970178632145
2023-10-18T07:25:30Z,0.001027289636665094
2023-10-18T07:35:35Z,0.0048651256322532034
2023-10-18T07:46:26Z,0.004337628347971407
2023-10-18T07:56:38Z,0.007716365861514645
2023-10-18T08:07:28Z,0.004595098069197461
2023-10-18T08:17:38Z,0.004833883864406268
2023-10-18T08:28:31Z,0.0012453971078642053
2023-10-18T08:38:38Z,0.0009447675078344238
2023-10-18T08:49:30Z,0.0011658783420242511
2023-10-18T08:59:37Z,0.001108567237859066
2023-10-18T09:10:29Z,0.001159581226260914
2023-10-18T09:20:35Z,0.0011916747556151523
2023-10-18T09:31:31Z,0.001122938742186233
2023-10-18T09:41:33Z,0.0010190582872082984
2023-10-18T09:52:31Z,0.0012207547328635213
2023-10-18T10:02:34Z,0.004379622543481901
2023-10-18T10:13:26Z,0.0036710071871868823
2023-10-18T10:23:36Z,0.005843665447462534
2023-10-18T10:34:30Z,0.004827370836440854
2023-10-18T10:44:38Z,0.005675156648050738
2023-10-18T10:55:32Z,0.004327232296740281
2023-10-18T11:05:34Z,0.005495194312813593
2023-10-18T11:16:26Z,0.004976429342817008
2023-10-18T11:26:35Z,0.004067341205077209
2023-10-18T11:37:32Z,0.00511168159815909
2023-10-18T11:47:33Z,0.001020004419329768
2023-10-18T11:58:28Z,0.001063926540986236
2023-10-18T12:08:40Z,0.0011230940048933434
2023-10-18T12:19:14Z,0.0009954755801836596
2023-10-18T12:29:35Z,0.0011370065138426074
2023-10-18T12:40:26Z,0.0010700936242323716
2023-10-18T12:50:37Z,0.00033416440398239807
2023-10-18T13:01:26Z,0.0024968710525260264
2023-10-18T13:11:38Z,0.002849381200941728
2023-10-18T13:22:05Z,0.0027866097014457576
2023-10-18T13:32:41Z,0.003105597175807841
2023-10-18T13:43:26Z,0.0032650517334151335
2023-10-18T13:53:37Z,0.004473570309370257
2023-10-18T14:04:31Z,0.003050034717881517
2023-10-18T14:14:34Z,0.0038532477600529383
2023-10-18T14:25:29Z,0.004405255203436392
2023-10-18T14:35:33Z,0.00482460182309868
2023-10-18T14:46:24Z,0.0030356765564432393
2023-10-18T14:56:37Z,0.002996299750537515
2023-10-18T15:07:30Z,0.002529137311641929
2023-10-18T15:17:33Z,0.00214928224672985
2023-10-18T15:28:31Z,0.0022319729811565384
2023-10-18T15:38:34Z,0.0010401354422968944
2023-10-18T15:49:24Z,0.0011670297120366833
2023-10-18T15:59:33Z,0.0010734851439908747
2023-10-18T16:09:33Z,0.0011161789920752934
2023-10-18T16:20:37Z,0.0009790148220538979
2023-10-18T16:31:24Z,0.0007785005563545527
2023-10-18T16:41:35Z,0.0009516878578080313
2023-10-18T16:52:24Z,0.000890976015161104
2023-10-18T17:02:33Z,0.0009253992129159856
2023-10-18T17:13:23Z,0.0009129478715994438
2023-10-18T17:23:35Z,0.0010331059232323427
2023-10-18T17:34:27Z,0.0009233938980144315
2023-10-18T17:44:38Z,0.0010409005963253858
2023-10-18T17:55:27Z,0.0009714673563023357
2023-10-18T18:05:33Z,0.0010138679034290981
2023-10-18T18:16:30Z,0.0030782772469033905
2023-10-18T18:26:36Z,0.003265821496805242
2023-10-18T18:37:30Z,0.002935027021361139
2023-10-18T18:47:34Z,0.002798544309065182
2023-10-18T18:58:32Z,0.0028506046225541854
2023-10-18T19:08:33Z,0.002972299532389524
2023-10-18T19:19:15Z,0.0009102363539785015
2023-10-18T19:29:36Z,0.0008206031931620417
2023-10-18T19:40:24Z,0.0007282543905589784
2023-10-18T19:50:33Z,0.0007723628274639838
2023-10-18T20:01:28Z,0.0009293666602786896
2023-10-18T20:11:33Z,0.0008407926822423142
2023-10-18T20:22:03Z,0.0007183842917481977
2023-10-18T20:32:34Z,0.0009009196211597861
2023-10-18T20:43:26Z,0.0024713689102847033
2023-10-18T20:53:40Z,0.002783213814923621
2023-10-18T21:04:26Z,0.0012400652894627472
2023-10-18T21:14:33Z,0.009165371814909336
2023-10-18T21:25:24Z,0.014256951501858893
2023-10-18T21:35:33Z,0.008900481264077222
2023-10-18T21:46:23Z,0.005628872349864336
2023-10-18T21:56:35Z,0.0012551995218386023
2023-10-18T22:07:28Z,0.001289517674668201
2023-10-18T22:17:39Z,0.0011236820623965337
2023-10-18T22:28:29Z,0.0011346060068318528
2023-10-18T22:38:38Z,0.0009567727114659925
2023-10-18T22:49:25Z,0.0010459148539712032
2023-10-18T22:59:37Z,0.001020617707022863
2023-10-18T23:10:28Z,0.0010606155637570443
2023-10-18T23:20:34Z,0.0011586785191778338
2023-10-18T23:31:25Z,0.0010895584731467887
2023-10-18T23:41:36Z,0.0009938009263286529
2023-10-18T23:52:24Z,0.0010033100393453975
2023-10-19T00:02:34Z,0.0011077091688042836
2023-10-19T00:13:24Z,0.0010383142592620533
2023-10-19T00:23:34Z,0.0010879983255382812
2023-10-19T00:34:24Z,0.0010247045125916586
2023-10-19T00:44:35Z,0.0009249809739987004
2023-10-19T00:55:31Z,0.0010577645522976808
2023-10-19T01:05:37Z,0.0011052320008318863
2023-10-19T01:16:24Z,0.0006601158959544655
2023-10-19T01:26:34Z,0.0009703429146656632
2023-10-19T01:37:31Z,0.0008227242272999974
2023-10-19T01:47:34Z,0.0006431267594245627
2023-10-19T01:58:25Z,0.0008228921051020623
2023-10-19T02:08:37Z,0.0009847124782089963
2023-10-19T02:19:17Z,0.0009984927712592283
2023-10-19T02:29:36Z,0.0008312799302558745
2023-10-19T02:40:30Z,0.0009896321226426678
2023-10-19T02:50:34Z,0.0008761544915812915
2023-10-19T03:01:30Z,0.0007188692451099491
2023-10-19T03:11:38Z,0.0009349386506802124
2023-10-19T03:22:06Z,0.0007910130323620222
2023-10-19T03:32:34Z,0.0007842358151965311
2023-10-19T03:43:28Z,0.0007450894773716718
2023-10-19T03:53:34Z,0.0007073863549290282
2023-10-19T04:04:26Z,0.0006263103526563235
2023-10-19T04:14:33Z,0.0007943191576316142
2023-10-19T04:25:29Z,0.0007450193665554911
2023-10-19T04:35:36Z,0.0007436884740379507
2023-10-19T04:46:28Z,0.0008746137518111722
2023-10-19T04:56:34Z,0.0008306770742759132
2023-10-19T05:07:27Z,0.0008284485692328746
2023-10-19T05:17:33Z,0.0009053033666559387
2023-10-19T05:28:29Z,0.0007810830118502075
2023-10-19T05:38:37Z,0.0009177401520936856
2023-10-19T05:49:32Z,0.0008835910900560545
2023-10-19T05:59:36Z,0.000888186623588627
2023-10-19T06:10:24Z,0.0007533225250143296
2023-10-19T06:20:36Z,0.0009615611103925521
2023-10-19T06:31:23Z,0.0023338083351642125
2023-10-19T06:41:34Z,0.0024270008935412396
2023-10-19T06:52:23Z,0.001040432139626266
2023-10-19T07:02:38Z,0.002389610722492624
2023-10-19T07:13:26Z,0.0013132262900443891
2023-10-19T07:23:33Z,0.0008719359553094313
2023-10-19T07:34:24Z,0.0009122440948598626
2023-10-19T07:44:34Z,0.0009226103065394647
2023-10-19T07:55:22Z,0.0008857264374748224
2023-10-19T08:05:39Z,0.0008781299669313301
2023-10-19T08:16:30Z,0.0009783886766678688
2023-10-19T08:26:34Z,0.0007953645123268522
2023-10-19T08:37:31Z,0.0009645084332499297
2023-10-19T08:47:37Z,0.0007981153308205351
2023-10-19T08:58:29Z,0.0008654304478813836
2023-10-19T09:08:42Z,0.00270548396658718
2023-10-19T09:19:17Z,0.002658934266210801
2023-10-19T09:29:43Z,0.002410306756154854
2023-10-19T09:40:35Z,0.0024730583626164765
2023-10-19T09:50:34Z,0.0032815813893711685
2023-10-19T10:01:35Z,0.002737905731008185
2023-10-19T10:11:34Z,0.0036760961650105003
2023-10-19T10:22:09Z,0.0037445672614454056
2023-10-19T10:32:34Z,0.003123361655481385
2023-10-19T10:43:25Z,0.0033918307691144945
2023-10-19T10:53:37Z,0.0034545692752852046
2023-10-19T11:04:26Z,0.003131140559705742
2023-10-19T11:14:36Z,0.0032266404674692584
2023-10-19T11:25:26Z,0.0035588471057541532
2023-10-19T11:35:36Z,0.007293202205237175
2023-10-19T11:46:30Z,0.00337413251868944
2023-10-19T11:56:35Z,0.0035324056241347918
2023-10-19T12:07:30Z,0.003446709100737599
2023-10-19T12:17:39Z,0.004879046389533789
2023-10-19T12:28:27Z,0.0037325550224724187
2023-10-19T12:38:35Z,0.003663805908752586
2023-10-19T12:49:27Z,0.0034046833674897256
2023-10-19T12:59:35Z,0.0036254353992673373
2023-10-19T13:10:30Z,0.0040036422535042115
2023-10-19T13:20:37Z,0.003871379290470016
2023-10-19T13:31:32Z,0.01097947608329691
2023-10-19T13:41:35Z,0.003795621278513932
2023-10-19T13:52:31Z,0.0011436464205514941
2023-10-19T14:02:39Z,0.030505154015188215
2023-10-19T14:13:32Z,0.03364502664658126
2023-10-19T14:23:39Z,0.02591834576156064
2023-10-19T14:34:27Z,0.0182695924422302
2023-10-19T14:44:36Z,0.01227648275760353
2023-10-19T14:55:23Z,0.007465532408027783
2023-10-19T15:05:33Z,0.0013397369120880121
2023-10-19T15:16:25Z,0.003621195029177279
2023-10-19T15:26:33Z,0.0012833195388806456
2023-10-19T15:37:23Z,0.002650987241586399
2023-10-19T15:47:33Z,0.0013971200678532128
2023-10-19T15:58:26Z,0.0014210244597991526
2023-10-19T16:08:37Z,0.0015174775350255613
2023-10-19T16:19:13Z,0.0014343809341785675
2023-10-19T16:29:33Z,0.001477937460679383
2023-10-19T16:40:26Z,0.0015209612420164177
2023-10-19T16:50:36Z,0.0015376730890553337
2023-10-19T17:01:24Z,0.0015816148611481678
2023-10-19T17:11:33Z,0.0015190168192077982
2023-10-19T17:22:04Z,0.0015183763605409585
2023-10-19T17:32:42Z,0.001430947687567531
2023-10-19T17:43:30Z,0.0014506968613143532
2023-10-19T17:53:35Z,0.015792045774388228
2023-10-19T18:04:23Z,0.14730172000468467
2023-10-19T18:14:34Z,0.42085082175065713
2023-10-19T18:25:23Z,0.7322820871299828
2023-10-19T18:35:33Z,0.8460852679410716
2023-10-19T18:46:23Z,0.9129672326164258
2023-10-19T18:56:33Z,0.9735910636274326
2023-10-19T19:07:34Z,1.0
2023-10-19T19:17:37Z,0.9826802223165729
2023-10-19T19:28:27Z,0.9428188854121774
2023-10-19T19:38:37Z,0.8795979493839036
2023-10-19T19:49:23Z,0.6503676359141213
2023-10-19T19:59:37Z,0.563397550026193
2023-10-19T20:10:26Z,0.40172758354261334
2023-10-19T20:20:33Z,0.34278413994726725
2023-10-19T20:31:23Z,0.28481683590271784
2023-10-19T20:41:34Z,0.2040552976224449
2023-10-19T20:52:23Z,0.15895770724061115
2023-10-19T21:02:36Z,0.09047827198534114
2023-10-19T21:13:30Z,0.03999039029615688
2023-10-19T21:23:35Z,0.0008142337832006995
2023-10-19T21:34:32Z,0.0006656985606671034
2023-10-19T21:44:38Z,0.0007258332627199336
2023-10-19T21:55:23Z,0.0006854846093068672
2023-10-19T22:05:38Z,0.00046653168414792826
2023-10-19T22:16:23Z,0.0006096698294234863
2023-10-19T22:26:33Z,0.0007043764417928483
2023-10-19T22:37:23Z,0.0007051394124395216
2023-10-19T22:47:33Z,0.0006317302341244751
2023-10-19T22:58:23Z,0.0006313830764152871
2023-10-19T23:08:33Z,0.0006715820468747778
2023-10-19T23:19:13Z,0.0006337418565735086
2023-10-19T23:29:33Z,0.0004798522540263261
2023-10-19T23:40:23Z,0.0006169591709244717
2023-10-19T23:50:33Z,0.00041366327678799984
2023-10-20T00:01:25Z,0.0005820488364260232
2023-10-20T00:11:33Z,0.0007453053895737485
2023-10-20T00:22:03Z,0.0007026532683418703
2023-10-20T00:32:33Z,0.0004938302644301511
2023-10-20T00:43:23Z,0.0004404946133610055
2023-10-20T00:53:33Z,0.0005685824651617293
2023-10-20T01:04:23Z,0.0006333786873976552
2023-10-20T01:14:33Z,0.0005381065791372241
2023-10-20T01:25:23Z,0.0006828546046071565
2023-10-20T01:35:33Z,0.0006621022882135982
2023-10-20T01:46:23Z,0.0007823809110424859
2023-10-20T01:56:33Z,0.0005266464931664079
2023-10-20T02:07:23Z,0.0006628800573370425
2023-10-20T02:17:33Z,0.0006813614140410895
2023-10-20T02:28:23Z,0.0005715031022413173
2023-10-20T02:38:33Z,0.0007333094046654134
2023-10-20T02:49:23Z,0.0008089356859184412
2023-10-20T02:59:33Z,0.0007569340811405699
2023-10-20T03:10:23Z,0.0007638275027384178
2023-10-20T03:20:33Z,0.0005739695959025952
2023-10-20T03:31:23Z,0.0006866056545718198
2023-10-20T03:41:33Z,0.0006323966507751613
2023-10-20T03:52:23Z,0.00048531507533691005
2023-10-20T04:02:33Z,0.0005499465735445068
2023-10-20T04:13:23Z,0.0004036684826155701
2023-10-20T04:23:33Z,0.00047712957689830725
2023-10-20T04:34:23Z,0.0007208849917246375
2023-10-20T04:44:33Z,0.0005982184769799442
2023-10-20T04:55:24Z,0.0007526621733131403
2023-10-20T05:05:33Z,0.0007133753712579335
2023-10-20T05:16:23Z,0.0007682830572366052
2023-10-20T05:26:33Z,0.000660783282997072
2023-10-20T05:37:23Z,0.000553898494636495
2023-10-20T05:47:33Z,0.0006508399195963723
2023-10-20T05:58:23Z,0.0007845439146309547
2023-10-20T06:08:33Z,0.0006459185769768421
2023-10-20T06:19:13Z,0.0007781022104716199
2023-10-20T06:29:33Z,0.0008289999944411067
2023-10-20T06:40:23Z,0.0013713804221895992
2023-10-20T06:50:37Z,0.001347066524853652
2023-10-20T07:01:23Z,0.0012754076909633264
2023-10-20T07:11:33Z,0.0011114963658679447
2023-10-20T07:22:03Z,0.0012355825639908042
2023-10-20T07:32:33Z,0.002854313945666313
2023-10-20T07:43:23Z,0.0012366977869042422
2023-10-20T07:53:33Z,0.00134817495502365
2023-10-20T08:04:23Z,0.0013741647192045082
2023-10-20T08:14:33Z,0.0012921166268264873
2023-10-20T08:25:23Z,0.0013172245473505333
2023-10-20T08:35:36Z,0.0014043247426592299
2023-10-20T08:46:23Z,0.0012773293095618332
2023-10-20T08:56:34Z,0.001356988297034145
2023-10-20T09:07:25Z,0.0012118763745944114
2023-10-20T09:17:34Z,0.002111341863462899
2023-10-20T09:28:24Z,0.0012919827127416009
2023-10-20T09:38:49Z,0.0012559498773903228
2023-10-20T09:49:28Z,0.0032529844247007086
2023-10-20T09:59:37Z,0.0021701706605901146
2023-10-20T10:10:26Z,0.0012710600925661768
2023-10-20T10:20:33Z,0.0011731536128424013
2023-10-20T10:31:27Z,0.0012998290592043558
2023-10-20T10:41:34Z,0.0027563963064354624
2023-10-20T10:52:23Z,0.002391492312424447
2023-10-20T11:02:34Z,0.001207395589906325
2023-10-20T11:13:31Z,0.0012696365276203363
2023-10-20T11:23:37Z,0.0013218489500427084
2023-10-20T11:34:24Z,0.0008930706061192542
2023-10-20T11:44:33Z,0.0008081203141081204
2023-10-20T11:55:28Z,0.0007041869727705751
2023-10-20T12:05:35Z,0.0008863200747315465
2023-10-20T12:16:28Z,0.0007711330983040548
2023-10-20T12:26:35Z,0.0007791706119749406
2023-10-20T12:37:24Z,0.000606511446323628
2023-10-20T12:47:34Z,0.0006874130206488113
2023-10-20T12:58:24Z,0.0006942979513173587
2023-10-20T13:08:38Z,0.0007025540457681064
2023-10-20T13:19:15Z,0.000690551268116333
2023-10-20T13:29:35Z,0.0007594748097836905
2023-10-20T13:40:30Z,0.0007028325482489934
2023-10-20T13:41:26Z,0.0
2023-10-20T13:50:33Z,0.000620768929600261
2023-10-20T14:01:24Z,0.0006129007493193145
2023-10-20T14:11:37Z,0.0006514575740531064
2023-10-20T14:22:08Z,0.0006927242182219811
2023-10-20T14:32:36Z,0.000618458183842055
2023-10-20T14:43:29Z,0.0007870089527043599
2023-10-20T14:53:36Z,0.0012468214006039833
2023-10-20T15:04:31Z,0.0031839264837525165
2023-10-20T15:14:35Z,0.0032597837182823785
2023-10-20T15:25:26Z,0.002646409902902321
2023-10-20T15:35:34Z,0.0013672710550086797
2023-10-20T15:46:27Z,0.0013509313532708675
2023-10-20T15:56:39Z,0.0021429977460614654
2023-10-20T16:07:23Z,0.001281684428496362
2023-10-20T16:17:36Z,0.001272127766275558
2023-10-20T16:28:27Z,0.001169829535322298
2023-10-20T16:38:35Z,0.0012364018173688126
2023-10-20T16:49:23Z,0.001305941557905021
2023-10-20T16:59:33Z,0.0020922178647101875
2023-10-20T17:10:25Z,0.0012732473559526345
2023-10-20T17:20:39Z,0.0013520009677640936
2023-10-20T17:22:20Z,0.0010369491604293572
2023-10-20T17:31:26Z,0.0012531704323350162
2023-10-20T17:41:39Z,0.0007009123852383619
2023-10-20T17:52:32Z,0.000831316319952851
2023-10-20T18:02:36Z,0.0008714107306830221
2023-10-20T18:13:25Z,0.0006939476398344405
2023-10-20T18:23:36Z,0.0007179934664026345
2023-10-20T18:34:26Z,0.000939390081012744
2023-10-20T18:44:37Z,0.0008724546297903795
2023-10-20T18:55:31Z,0.0006851131917996958
2023-10-20T19:05:39Z,0.0010780205132244398
2023-10-20T19:16:34Z,0.0009995597171746755
2023-10-20T19:26:37Z,0.0008164639864295958
2023-10-20T19:37:30Z,0.0007922085552067974
2023-10-20T19:47:39Z,0.0007354842955548963
2023-10-20T19:58:31Z,0.0008429205091237037
2023-10-20T20:08:38Z,0.0007810917453774842
2023-10-20T20:19:14Z,0.0008665711435827069
2023-10-20T20:29:42Z,0.0008056305310407711
2023-10-20T20:40:30Z,0.0008617286453066367
2023-10-20T20:50:40Z,0.0008499170348629961
2023-10-20T21:01:28Z,0.0007173265645559886
2023-10-20T21:11:34Z,0.0007987577302712106
2023-10-20T21:22:04Z,0.0008468057157712367
2023-10-20T21:32:37Z,0.0009248497284915928
2023-10-20T21:43:23Z,0.0008591816091160384
2023-10-20T21:53:38Z,0.0009063331950804591
2023-10-20T22:04:27Z,0.0008783318084505761
2023-10-20T22:14:35Z,0.0007779777577079487
2023-10-20T22:25:30Z,0.0007543999026429041
2023-10-20T22:35:35Z,0.0008643440941275499
2023-10-20T22:46:35Z,0.0008704510130746814
2023-10-20T22:56:33Z,0.0008762901038520311
2023-10-20T23:07:30Z,0.000892234128284683
2023-10-20T23:17:37Z,0.0006060536639356243
2023-10-20T23:28:29Z,0.0009429164852480537
2023-10-20T23:38:36Z,0.0008186201972746282
2023-10-20T23:49:24Z,0.000866460518903892
2023-10-20T23:59:37Z,0.0007946908177367645
2023-10-21T00:10:26Z,0.0007184400892835698
2023-10-21T00:20:37Z,0.0008787039537516861
2023-10-21T00:31:25Z,0.0008532610054174488
2023-10-21T00:41:35Z,0.0008600945053142689
2023-10-21T00:52:24Z,0.000777157048742065
2023-10-21T01:02:36Z,0.0009866952314984245
2023-10-21T01:13:26Z,0.0007676115460283402
2023-10-21T01:23:36Z,0.0009295612238585406
2023-10-21T01:34:27Z,0.0008052292739820726
2023-10-21T01:44:33Z,0.0009409679382737819
2023-10-21T01:54:37Z,0.0006943843161981938
2023-10-21T02:05:34Z,0.000864203872495194
2023-10-21T02:16:24Z,0.0007578574090519358
2023-10-21T02:26:33Z,0.0009153255744000975
2023-10-21T02:37:26Z,0.0007539988881821916
2023-10-21T02:47:33Z,0.0008147337776372007
2023-10-21T02:58:25Z,0.0008159875239971423
2023-10-21T03:08:40Z,0.0007566597028253442
2023-10-21T03:19:14Z,0.0006377524863766247
2023-10-21T03:29:39Z,0.000763043183469517
2023-10-21T03:40:27Z,0.0008734771802755057
2023-10-21T03:50:34Z,0.0008351932782690624
2023-10-21T04:01:25Z,0.0008699143863432176
2023-10-21T04:11:36Z,0.0007771973200067248
2023-10-21T04:22:07Z,0.0008598642798313763
2023-10-21T04:32:35Z,0.0007086699408404845
2023-10-21T04:43:30Z,0.0006407847185269497
2023-10-21T04:53:33Z,0.0007542203801378075
2023-10-21T05:04:24Z,0.0007239463356325474
2023-10-21T05:14:35Z,0.0007860693707283425
2023-10-21T05:25:13Z,0.0009121497242456903
2023-10-21T05:35:39Z,0.0008450325671364065
2023-10-21T05:46:25Z,0.0008129349136165082
2023-10-21T05:56:44Z,0.0007064804940722103
2023-10-21T06:07:26Z,0.0007228847268726614
2023-10-21T06:17:35Z,0.0008212283681561508
2023-10-21T06:27:36Z,0.0007551160518794681
2023-10-21T06:38:35Z,0.0008200660812346218
2023-10-21T06:49:24Z,0.0007827040515516657
2023-10-21T06:59:38Z,0.0007333935861644274
2023-10-21T07:10:27Z,0.0008276526052609421
2023-10-21T07:20:36Z,0.0007943016905770635
2023-10-21T07:31:23Z,0.0006276577418364889
2023-10-21T07:41:34Z,0.0008337204659333092
2023-10-21T07:52:24Z,0.000829885234469632
2023-10-21T08:02:36Z,0.0008738563609180382
2023-10-21T08:13:27Z,0.0008644290034205069
2023-10-21T08:23:38Z,0.0007111628776815703
2023-10-21T08:34:25Z,0.0007797035997367028
2023-10-21T08:44:41Z,0.0009280452290823653
2023-10-21T08:55:24Z,0.0009152809363717994
2023-10-21T09:05:38Z,0.0007617964724509915
2023-10-21T09:16:25Z,0.0008143446504774987
2023-10-21T09:26:37Z,0.0008173994442399521
2023-10-21T09:37:31Z,0.0007285612770035119
2023-10-21T09:47:36Z,0.0007861727174677685
2023-10-21T09:58:29Z,0.0007791152996355327
2023-10-21T10:08:39Z,0.0007195138279424418
2023-10-21T10:19:15Z,0.0007929885077120581
2023-10-21T10:29:39Z,0.0008662853631624311
2023-10-21T10:40:23Z,0.0007513620907390408
2023-10-21T10:50:33Z,0.0006929066519028408
2023-10-21T11:01:31Z,0.0007100318858994457
2023-10-21T11:11:35Z,0.0007144263057067116
2023-10-21T11:22:11Z,0.0008401316027471864
2023-10-21T11:32:35Z,0.0008188225239898375
2023-10-21T11:43:30Z,0.0006709886522160281
2023-10-21T11:53:37Z,0.0007957611600239255
2023-10-21T12:04:26Z,0.0008136163713419435
2023-10-21T12:14:34Z,0.0009064843336219191
2023-10-21T12:25:27Z,0.0007504026157286809
2023-10-21T12:35:34Z,0.0009407874453767688
2023-10-21T12:46:28Z,0.0006623766665288204
2023-10-21T12:56:33Z,0.0008629132512423124
2023-10-21T13:07:26Z,0.0008085591738536947
2023-10-21T13:17:34Z,0.0007269472726434717
2023-10-21T13:28:28Z,0.000694767378408396
2023-10-21T13:38:37Z,0.0007493390661849554
2023-10-21T13:49:29Z,0.0007701217073259997
2023-10-21T13:59:34Z,0.0007533113655072548
2023-10-21T14:10:32Z,0.0007448451812059467
2023-10-21T14:20:38Z,0.0008034095465351139
2023-10-21T14:31:23Z,0.0007287711242560944
2023-10-21T14:41:38Z,0.0006774242914258723
2023-10-21T14:52:25Z,0.000922017639674659
2023-10-21T15:02:40Z,0.0010446989528961224
2023-10-21T15:13:34Z,0.0008338257534565702
2023-10-21T15:23:36Z,0.0007947978034458823
2023-10-21T15:34:27Z,0.0009090590259822191
2023-10-21T15:44:37Z,0.0008777735904989058
2023-10-21T15:55:28Z,0.0007910067248145445
2023-10-21T16:05:37Z,0.0008443343701503573
2023-10-21T16:16:23Z,0.0006264166105715054
2023-10-21T16:26:40Z,0.0008074621457887476
2023-10-21T16:37:30Z,0.0008479202108907326
2023-10-21T16:47:39Z,0.0006318452255669275
2023-10-21T16:58:33Z,0.0005620058765255834
2023-10-21T17:08:40Z,0.000774041848082626
2023-10-21T17:19:18Z,0.0009334743292737532
2023-10-21T17:29:38Z,0.0007232447422747791
2023-10-21T17:40:26Z,0.0006108481278116834
2023-10-21T17:50:35Z,0.0006447453731462173
2023-10-21T18:01:26Z,0.0007981082954791162
2023-10-21T18:11:41Z,0.000720364133861872
2023-10-21T18:22:06Z,0.0006879557123297668
2023-10-21T18:32:42Z,0.0007472483567944866
2023-10-21T18:43:25Z,0.0006773980908440495
2023-10-21T18:53:38Z,0.0006606171033808666
2023-10-21T19:04:24Z,0.0009419390579871799
2023-10-21T19:14:37Z,0.0008707460122181971
2023-10-21T19:25:25Z,0.0008035090117068549
2023-10-21T19:35:37Z,0.0008991159051794956
2023-10-21T19:46:23Z,0.000799379266295627
2023-10-21T19:56:38Z,0.0009149451807676678
2023-10-21T20:07:34Z,0.000800723744300033
2023-10-21T20:17:33Z,0.0008523318551545649
2023-10-21T20:28:23Z,0.000816041380748666
2023-10-21T20:38:36Z,0.0007945937785448198
2023-10-21T20:49:23Z,0.0008337221641191687
2023-10-21T20:59:34Z,0.0007881122883167847
2023-10-21T21:10:27Z,0.0008502663759540023
2023-10-21T21:20:35Z,0.0009133105555793422
2023-10-21T21:31:24Z,0.0007549712208854885
2023-10-21T21:41:34Z,0.0006819363712533702
2023-10-21T21:52:25Z,0.0007367678814663607
2023-10-21T22:02:37Z,0.000969938018637271
2023-10-21T22:13:24Z,0.0009172670860329513
2023-10-21T22:23:37Z,0.0008798058337762275
2023-10-21T22:34:35Z,0.0008785404427132569
2023-10-21T22:44:40Z,0.000962825773661585
2023-10-21T22:55:25Z,0.000622135241422857
2023-10-21T23:05:36Z,0.0008422567610507944
2023-10-21T23:16:24Z,0.0008909483589913995
2023-10-21T23:26:36Z,0.0009805917089230167
2023-10-21T23:37:23Z,0.0008432341883116718
2023-10-21T23:47:37Z,0.0008046533463778763
2023-10-21T23:58:23Z,0.0008595823809787774
2023-10-22T00:08:38Z,0.0009001025511636031
2023-10-22T00:19:16Z,0.0008788953635577996
2023-10-22T00:29:42Z,0.0009592954878585984
2023-10-22T00:40:27Z,0.0008542517755672112
2023-10-22T00:50:37Z,0.000887641991123825
2023-10-22T01:01:23Z,0.0010647865508248559
2023-10-22T01:11:36Z,0.0008082741212273528
2023-10-22T01:22:03Z,0.0009477068249584561
2023-10-22T01:32:36Z,0.0008399253944643047
2023-10-22T01:43:29Z,0.0009521043985394578
2023-10-22T01:53:37Z,0.0009991628268796143
2023-10-22T02:04:24Z,0.0010813140233990753
2023-10-22T02:14:36Z,0.0010054655223964931
2023-10-22T02:25:23Z,0.0010436227882574497
2023-10-22T02:35:36Z,0.0009453890438588339
2023-10-22T02:46:24Z,0.0008377129008879398
2023-10-22T02:56:35Z,0.0010254771871575285
2023-10-22T03:07:25Z,0.0008620896311006755
2023-10-22T03:17:36Z,0.0010609188112318789
2023-10-22T03:28:26Z,0.0008280342118832682
2023-10-22T03:38:35Z,0.0007798309636761271
2023-10-22T03:49:26Z,0.0010279807983097297
2023-10-22T03:59:36Z,0.0008546392045410563
2023-10-22T04:10:24Z,0.0009642556461549078
2023-10-22T04:20:35Z,0.0010261935789920651
2023-10-22T04:31:25Z,0.0009981133480187223
2023-10-22T04:41:37Z,0.001079405262493501
2023-10-22T04:52:26Z,0.0011010255944590218
2023-10-22T05:02:37Z,0.001053973716264323
2023-10-22T05:13:28Z,0.000908665532058878
2023-10-22T05:23:36Z,0.001033444832610218
2023-10-22T05:34:25Z,0.0010643100883923969
2023-10-22T05:44:38Z,0.0010985848161836054
2023-10-22T05:55:26Z,0.0011459392140591926
2023-10-22T06:05:38Z,0.001036604913895928
2023-10-22T06:16:24Z,0.0010684864126157677
2023-10-22T06:26:35Z,0.0009799881251491122
2023-10-22T06:37:23Z,0.0010808351349868238
2023-10-22T06:47:35Z,0.0010186167588849418
2023-10-22T06:58:24Z,0.0009040370052010452
2023-10-22T07:08:34Z,0.00097843307209818
2023-10-22T07:19:13Z,0.0009248050904632955
2023-10-22T07:29:38Z,0.0009269404378820671
2023-10-22T07:40:25Z,0.0010671382956416637
2023-10-22T07:50:39Z,0.0010131976052107333
2023-10-22T08:01:24Z,0.0011298535124063076
2023-10-22T08:11:36Z,0.000981452203957596
2023-10-22T08:22:04Z,0.0010657178844695543
2023-10-22T08:32:35Z,0.0010027336265452415
2023-10-22T08:43:24Z,0.0009937676904054104
2023-10-22T08:53:39Z,0.0009439336985776241
2023-10-22T09:04:26Z,0.0010550586144302723
2023-10-22T09:14:39Z,0.0009719685637287368
2023-10-22T09:25:27Z,0.0010007108445891297
2023-10-22T09:35:35Z,0.0009994022710857395
2023-10-22T09:46:26Z,0.0011154473165680163
2023-10-22T09:56:37Z,0.0010366049138959288
2023-10-22T10:07:23Z,0.0009299908648808749
2023-10-22T10:17:40Z,0.0009407767710656501
2023-10-22T10:28:32Z,0.0009350546125145893
2023-10-22T10:38:46Z,0.0010488301538952346
2023-10-22T10:49:26Z,0.0010110508556869105
2023-10-22T10:59:39Z,0.000975283665123587
2023-10-22T11:10:24Z,0.0009825885328952828
2023-10-22T11:20:38Z,0.0007638425438131694
2023-10-22T11:31:29Z,0.0008811236260028538
2023-10-22T11:41:37Z,0.001020593447224875
2023-10-22T11:52:29Z,0.0009392777581480695
2023-10-22T12:02:36Z,0.000913590513648108
2023-10-22T12:13:35Z,0.0010215776672291915
2023-10-22T12:23:37Z,0.0009505818536178295
2023-10-22T12:34:24Z,0.0012172644757272057
2023-10-22T12:44:38Z,0.001117365296196825
2023-10-22T12:55:27Z,0.000977521388889853
2023-10-22T13:05:35Z,0.0010653838270512815
2023-10-22T13:16:27Z,0.0010024592482300138
2023-10-22T13:26:39Z,0.001197513118598568
2023-10-22T13:37:25Z,0.0009852139282333734
2023-10-22T13:47:35Z,0.0010319606181694021
2023-10-22T13:58:25Z,0.0008851328002180912
2023-10-22T14:08:41Z,0.0009631183468253046
2023-10-22T14:19:13Z,0.0010517643764616964
2023-10-22T14:29:39Z,0.0009803379514360764
2023-10-22T14:40:24Z,0.001046364630625875
2023-10-22T14:50:39Z,0.0009160696224043458
2023-10-22T15:01:25Z,0.0009036282276049788
2023-10-22T15:11:39Z,0.0011783464226013997
2023-10-22T15:22:06Z,0.0009563539873527441
2023-10-22T15:32:38Z,0.0009682015022974
2023-10-22T15:43:24Z,0.001051740844457646
2023-10-22T15:53:39Z,0.0009969073934608154
2023-10-22T16:04:26Z,0.0009586722536483306
2023-10-22T16:14:36Z,0.0009085575759578374
2023-10-22T16:25:23Z,0.0009602018339113723
2023-10-22T16:35:35Z,0.0009635710346557278
2023-10-22T16:46:24Z,0.0010023241211552312
2023-10-22T16:56:38Z,0.0010078216339769357
2023-10-22T17:07:25Z,0.0008476215727775189
2023-10-22T17:17:35Z,0.0008741547564332695
2023-10-22T17:28:29Z,0.0008943867001600209
2023-10-22T17:38:40Z,0.0010303863998780585
2023-10-22T17:49:27Z,0.0010135457333118386
2023-10-22T17:59:39Z,0.0010711484402488203
2023-10-22T18:10:23Z,0.0008685439503549639
2023-10-22T18:20:42Z,0.0011315975492835499
2023-10-22T18:31:27Z,0.0009809621560382688
2023-10-22T18:41:45Z,0.0008397723151390073
2023-10-22T18:52:28Z,0.0009787824131891878
2023-10-22T19:02:40Z,0.0010477544744525178
2023-10-22T19:13:35Z,0.0009029077116047792
2023-10-22T19:23:40Z,0.0008702537809170453
2023-10-22T19:34:25Z,0.0011638621102135966
2023-10-22T19:44:39Z,0.0009484392282596681
2023-10-22T19:55:27Z,0.0008622063207289892
2023-10-22T20:05:37Z,0.0010626427124767954
2023-10-22T20:16:26Z,0.0008979623517852425
2023-10-22T20:26:38Z,0.001017707744254389
2023-10-22T20:37:27Z,0.0007845419738471171
2023-10-22T20:47:34Z,0.0010075921362879825
2023-10-22T20:58:27Z,0.0009301424886182945
2023-10-22T21:08:35Z,0.001103565110112239
2023-10-22T21:19:17Z,0.0008767925242683376
2023-10-22T21:29:40Z,0.0009500823443772898
2023-10-22T21:40:27Z,0.001073600378031306
2023-10-22T21:50:34Z,0.0008259612121453279
2023-10-22T22:01:25Z,0.0008159445841547073
2023-10-22T22:11:33Z,0.000931727866416711
2023-10-22T22:22:06Z,0.0009602758262952327
2023-10-22T22:32:35Z,0.0007572940965426903
2023-10-22T22:43:27Z,0.0008445177742231362
2023-10-22T22:53:37Z,0.0008522583479666714
2023-10-22T23:04:28Z,0.000842708963685268
2023-10-22T23:14:40Z,0.0010404811444182024
2023-10-22T23:25:28Z,0.000859649823217181
2023-10-22T23:35:34Z,0.0010463369744561652
2023-10-22T23:46:26Z,0.0010355435477340234
2023-10-22T23:56:37Z,0.0009932723053305273
2023-10-23T00:07:23Z,0.0009753959879882624
2023-10-23T00:17:34Z,0.0009921597509948716
2023-10-23T00:28:24Z,0.0009654632988986743
2023-10-23T00:38:37Z,0.0010967141431608692
2023-10-23T00:49:29Z,0.0010212901886230488
2023-10-23T00:59:39Z,0.0007959207894946806
2023-10-23T01:10:26Z,0.001019771525269093
2023-10-23T01:20:37Z,0.0009907781554995441
2023-10-23T01:31:28Z,0.0008123888255638363
2023-10-23T01:41:35Z,0.0009811884999534845
2023-10-23T01:52:27Z,0.0010417470206771356
2023-10-23T02:02:36Z,0.000977251377338261
2023-10-23T02:13:31Z,0.0009427997956197409
2023-10-23T02:23:35Z,0.0009780992572778885
2023-10-23T02:34:26Z,0.0010074902451364426
2023-10-23T02:44:36Z,0.0009960641228828058
2023-10-23T02:55:26Z,0.000934977466356996
2023-10-23T03:05:37Z,0.0010708956531538028
2023-10-23T03:16:24Z,0.001173195824890904
2023-10-23T03:26:36Z,0.0009943945635853834
2023-10-23T03:37:26Z,0.0009692827614936568
2023-10-23T03:47:36Z,0.0009462551186469489
2023-10-23T03:58:28Z,0.0010501952527279324
2023-10-23T04:08:38Z,0.0009901347856569396
2023-10-23T04:19:15Z,0.001025235074373621
2023-10-23T04:29:38Z,0.0009781516584415387
2023-10-23T04:40:25Z,0.0010498255334066195
2023-10-23T04:50:33Z,0.0009007308799314559
2023-10-23T05:01:24Z,0.0011189065211628987
2023-10-23T05:11:36Z,0.0010498878810874437
2023-10-23T05:22:25Z,0.0010547036935857315
2023-10-23T05:32:33Z,0.001076805825139256
2023-10-23T05:43:23Z,0.001004103577337531
2023-10-23T05:53:35Z,0.0010577674634734368
2023-10-23T06:04:24Z,0.0009786924093386558
2023-10-23T06:14:40Z,0.000994659965775351
2023-10-23T06:25:25Z,0.0009131412221893967
2023-10-23T06:35:40Z,0.0009953841207452467
2023-10-23T06:46:27Z,0.0010362643063322001
2023-10-23T06:56:36Z,0.0011035762696193128
2023-10-23T07:07:23Z,0.0009117326983183033
2023-10-23T07:17:33Z,0.001028987337328185
2023-10-23T07:28:29Z,0.0009290037337008124
2023-10-23T07:38:37Z,0.0011366494096162465
2023-10-23T07:49:27Z,0.0010125391942933787
2023-10-23T07:59:39Z,0.0009473565134755334
2023-10-23T08:10:25Z,0.0011782474426256173
2023-10-23T08:20:34Z,0.0010957066337504919
2023-10-23T08:31:28Z,0.0011172988243503415
2023-10-23T08:41:37Z,0.0009322443575158417
2023-10-23T08:52:25Z,0.001021292129406889
2023-10-23T09:02:36Z,0.0011209198417978033
2023-10-23T09:13:27Z,0.001083393330684494
2023-10-23T09:23:41Z,0.0011171590879139397
2023-10-23T09:34:28Z,0.0010418515804064535
2023-10-23T09:44:38Z,0.0010506947619684703
2023-10-23T09:55:28Z,0.0009570470897812165
2023-10-23T10:05:39Z,0.0010485193858830268
2023-10-23T10:16:34Z,0.0009456277602710171
2023-10-23T10:26:37Z,0.001031826218888558
2023-10-23T10:37:29Z,0.0009573840583752499
2023-10-23T10:47:39Z,0.0011182219096637276
2023-10-23T10:58:24Z,0.0009384856757438103
2023-10-23T11:08:38Z,0.0009703528611828389
2023-10-23T11:19:19Z,0.0009234659496144453
2023-10-23T11:29:34Z,0.0010236283479529821
2023-10-23T11:40:25Z,0.0010936309654347711
2023-10-23T11:50:38Z,0.000889352064283897
2023-10-23T12:01:29Z,0.0009517261882888499
2023-10-23T12:11:36Z,0.0009631518253465207
2023-10-23T12:22:06Z,0.0009474052756694874
2023-10-23T12:32:35Z,0.0009028623457825442
2023-10-23T12:43:24Z,0.0009639380853992609
2023-10-23T12:53:35Z,0.0009631561921101654
2023-10-23T13:04:24Z,0.0010122187223619795
2023-10-23T13:14:35Z,0.0009678938880589289
2023-10-23T13:25:24Z,0.0009908320122510742
2023-10-23T13:35:37Z,0.0009764512892006681
2023-10-23T13:46:25Z,0.0010436247290412845
2023-10-23T13:56:37Z,0.0010235621187044766
2023-10-23T14:07:24Z,0.0009976587194044568
2023-10-23T14:17:42Z,0.0008566231708203881
2023-10-23T14:28:25Z,0.000985469869102131
2023-10-23T14:38:35Z,0.0009358365058036911
2023-10-23T14:49:24Z,0.0009473946013583722
2023-10-23T14:59:38Z,0.0010350889191197553
2023-10-23T15:10:30Z,0.00112039971172897
2023-10-23T15:20:34Z,0.0009955641284463037
2023-10-23T15:31:24Z,0.0009872956614985894
2023-10-23T15:41:36Z,0.0009940607487650894
2023-10-23T15:52:24Z,0.0010181162792524837
2023-10-23T16:02:38Z,0.0010584076795422965
2023-10-23T16:13:30Z,0.0009262264720273241
2023-10-23T16:23:36Z,0.0009263717882172651
2023-10-23T16:34:27Z,0.0009012357263275524
2023-10-23T16:44:35Z,0.0009510626828139222
2023-10-23T16:55:26Z,0.0011411828380659757
2023-10-23T17:05:39Z,0.0009175802800249562
2023-10-23T17:16:24Z,0.0008652356417035574
2023-10-23T17:26:38Z,0.0010462683192278643
2023-10-23T17:37:25Z,0.0008861733029537339
2023-10-23T17:47:38Z,0.00095890417731708
2023-10-23T17:58:28Z,0.000971511994330632
2023-10-23T18:08:36Z,0.0009142210257977746
2023-10-23T18:19:15Z,0.0009997086723343117
2023-10-23T18:29:35Z,0.000977931136877842
2023-10-23T18:40:28Z,0.0006605045379182061
2023-10-23T18:50:39Z,0.0008936205757396093
2023-10-23T19:01:24Z,0.0009374548769273688
2023-10-23T19:11:34Z,0.0009609230777055087
2023-10-23T19:22:04Z,0.0008887841424130317
2023-10-23T19:32:39Z,0.000996550289234458
2023-10-23T19:43:31Z,0.0009839550873158558
2023-10-23T19:53:39Z,0.0009572819246257291
2023-10-23T20:04:27Z,0.0008324264483087131
2023-10-23T20:14:40Z,0.0008418559891880626
2023-10-23T20:25:23Z,0.0008795833714286969
2023-10-23T20:35:34Z,0.0010103689127655131
2023-10-23T20:46:27Z,0.0007934118411869192
2023-10-23T20:56:36Z,0.0009700205019504255
2023-10-23T21:07:28Z,0.0009819774285840062
2023-10-23T21:17:37Z,0.0008655871661763764
2023-10-23T21:28:24Z,0.0009413716213122795
2023-10-23T21:38:39Z,0.0009279045222540471
2023-10-23T21:49:24Z,0.000977804743330338
2023-10-23T21:59:37Z,0.0010128378324065926
2023-10-23T22:10:26Z,0.000925218477420989
2023-10-23T22:20:34Z,0.000768183834662844
2023-10-23T22:31:29Z,0.0008251295862703529
2023-10-23T22:41:38Z,0.0010600629255589167
2023-10-23T22:52:26Z,0.0008879986101542336
2023-10-23T23:02:40Z,0.0008249253187713086
2023-10-23T23:13:23Z,0.0008981714712438846
2023-10-23T23:23:38Z,0.0008013110740092839
2023-10-23T23:34:24Z,0.0008756382430801397
2023-10-23T23:44:37Z,0.0011170487058331038
2023-10-23T23:55:27Z,0.0007768673867541104
2023-10-24T00:05:40Z,0.0009436476755593676
2023-10-24T00:16:25Z,0.0009752936116407592
2023-10-24T00:26:41Z,0.0009851035461525348
2023-10-24T00:37:23Z,0.00095246683992138
2023-10-24T00:47:40Z,0.0011147496047779284
2023-10-24T00:58:33Z,0.0009354912888783471
2023-10-24T01:08:36Z,0.0008819979491222859
2023-10-24T01:19:14Z,0.0009488812417789835
2023-10-24T01:29:38Z,0.0010174978970018066
2023-10-24T01:40:27Z,0.0009496701704094998
2023-10-24T01:50:35Z,0.0009403054031907744
2023-10-24T02:01:24Z,0.0008913845501591995
2023-10-24T02:11:35Z,0.0009945985884864477
2023-10-24T02:22:06Z,0.0009638167864093354
2023-10-24T02:32:40Z,0.0009458157737054187
2023-10-24T02:43:25Z,0.0010464580308481236
2023-10-24T02:53:36Z,0.0009901694771680648
2023-10-24T03:04:27Z,0.0009563493779911252
2023-10-24T03:14:38Z,0.0010292447337848206
2023-10-24T03:25:25Z,0.0007607952705880929
2023-10-24T03:35:40Z,0.0007638228933767988
2023-10-24T03:46:25Z,0.0010281149549925968
2023-10-24T03:56:41Z,0.0008209872257641677
2023-10-24T04:07:25Z,0.0010264800872062869
2023-10-24T04:17:41Z,0.0008889350383565082
2023-10-24T04:28:24Z,0.0008840876881208383
2023-10-24T04:38:39Z,0.0010400476218281832
2023-10-24T04:49:27Z,0.0007704414514634576
2023-10-24T04:59:39Z,0.0011024304793604155
2023-10-24T05:10:29Z,0.0009968421346042298
2023-10-24T05:20:37Z,0.0009897160615436958
2023-10-24T05:31:24Z,0.0010049718355074687
2023-10-24T05:41:34Z,0.0008512765539421574
2023-10-24T05:52:26Z,0.0010875657733401837
2023-10-24T06:02:36Z,0.0008577689610792883
2023-10-24T06:13:26Z,0.0009824847009598998
2023-10-24T06:23:35Z,0.0010357109403401259
2023-10-24T06:34:26Z,0.0009996545729848037
2023-10-24T06:44:35Z,0.0008789654743739803
2023-10-24T06:55:25Z,0.0008630508042968959
2023-10-24T07:05:38Z,0.0008654275367056268
2023-10-24T07:16:27Z,0.0009053453361064571
2023-10-24T07:26:39Z,0.0011300172660427157
2023-10-24T07:37:30Z,0.000905531408757013
2023-10-24T07:47:40Z,0.0010147080202333675
2023-10-24T07:58:25Z,0.0009806329505795965
2023-10-24T08:08:37Z,0.0009759081123237531
2023-10-24T08:19:16Z,0.000702953362042962
2023-10-24T08:29:39Z,0.001003499750965654
2023-10-24T08:40:24Z,0.0010272231648186122
2023-10-24T08:50:37Z,0.0010798074899441153
2023-10-24T09:01:25Z,0.0011410717281911894
2023-10-24T09:11:35Z,0.0010429374489643285
2023-10-24T09:22:05Z,0.001022295514651606
2023-10-24T09:32:35Z,0.0007995888709502242
2023-10-24T09:43:28Z,0.001074653010665942
2023-10-24T09:53:35Z,0.001089596318431645
2023-10-24T10:04:25Z,0.000978460485669907
2023-10-24T10:14:38Z,0.0009659807603897225
2023-10-24T10:25:27Z,0.0009443849308201749
2023-10-24T10:35:36Z,0.0008894612333748358
2023-10-24T10:46:25Z,0.0008966989015061068
2023-10-24T10:56:39Z,0.0009494401875245888
2023-10-24T11:07:29Z,0.0008870238514711358
2023-10-24T11:17:36Z,0.0007335318670129503
2023-10-24T11:28:27Z,0.0007924555199502959
2023-10-24T11:38:39Z,0.0009333818994434257
2023-10-24T11:49:27Z,0.0010132245335864928
2023-10-24T11:59:39Z,0.001057098620842956
2023-10-24T12:10:25Z,0.0011105366482596038
2023-10-24T12:20:39Z,0.0011351142495996647
2023-10-24T12:31:25Z,0.0012119413908530208
2023-10-24T12:41:40Z,0.0012884388414517458
2023-10-24T12:52:25Z,0.0011672286423801733
2023-10-24T13:02:34Z,0.0012266226928004762
2023-10-24T13:13:28Z,0.0011808556135071398
2023-10-24T13:23:40Z,0.00117322275326666
2023-10-24T13:34:29Z,0.001035722585043155
2023-10-24T13:44:37Z,0.0008732110502915988
2023-10-24T13:55:24Z,0.0010859580765276212
2023-10-24T14:05:39Z,0.0010797579999562246
2023-10-24T14:16:31Z,0.0011564832500580442
2023-10-24T14:26:40Z,0.00111489783214363
2023-10-24T14:37:29Z,0.000959533961672809
2023-10-24T14:47:41Z,0.0009699545152999024
2023-10-24T14:58:23Z,0.0010744344298860829
2023-10-24T15:08:36Z,0.0011616020674331813
2023-10-24T15:19:19Z,0.0011516244977173178
2023-10-24T15:29:37Z,0.00100498857476808
2023-10-24T15:40:31Z,0.0008986214904965346
2023-10-24T15:50:42Z,0.0010914965884079287
2023-10-24T16:01:24Z,0.0010442319517848814
2023-10-24T16:11:36Z,0.0011656658261938943
2023-10-24T16:22:09Z,0.0010329421695959371
2023-10-24T16:32:40Z,0.001063984279305443
2023-10-24T16:43:27Z,0.0010775020813414678
2023-10-24T16:53:39Z,0.001011203449816246
2023-10-24T17:04:31Z,0.0008910594688661821
2023-10-24T17:14:36Z,0.0008967835682010804
2023-10-24T17:25:31Z,0.001162978325772952
2023-10-24T17:35:38Z,0.0010239036966601244
2023-10-24T17:46:23Z,0.0010391432165592512
2023-10-24T17:56:36Z,0.0009848347475908481
2023-10-24T18:07:29Z,0.001016984802274395
2023-10-24T18:17:36Z,0.0011690808779564435
2023-10-24T18:28:27Z,0.0009135087581288921
2023-10-24T18:38:42Z,0.0010356857101502222
2023-10-24T18:49:25Z,0.0010568152664024702
2023-10-24T18:59:40Z,0.0011100951199362519
2023-10-24T19:10:28Z,0.0010461887470904739
2023-10-24T19:20:44Z,0.0011628922034901032
2023-10-24T19:31:26Z,0.0011005804271659663
2023-10-24T19:41:40Z,0.0010762281993492002
2023-10-24T19:52:24Z,0.0009585451323068815
2023-10-24T20:02:41Z,0.0011373272283719874
2023-10-24T20:13:28Z,0.0010371218901910192
2023-10-24T20:23:37Z,0.0010968237974477713
2023-10-24T20:34:24Z,0.0009847195135504105
2023-10-24T20:44:33Z,0.0029253922425908265
2023-10-24T20:55:28Z,0.0011099827970715702
2023-10-24T21:05:42Z,0.0011669394655881766
2023-10-24T21:16:32Z,0.0011385268753824184
2023-10-24T21:26:34Z,0.0011722125752785086
2023-10-24T21:37:26Z,0.001138604506735974
2023-10-24T21:47:39Z,0.0011553818552294578
2023-10-24T21:58:29Z,0.0010765411507432272
2023-10-24T22:08:38Z,0.001145751928418742
2023-10-24T22:19:16Z,0.0010028110153008183
2023-10-24T22:29:41Z,0.00114237035517741
2023-10-24T22:40:26Z,0.0011926201599426805
2023-10-24T22:50:40Z,0.0011015889069682673
2023-10-24T23:00:35Z,0.001066423116797018
2023-10-24T23:11:37Z,0.00110968634234018
2023-10-24T23:22:03Z,0.0012784178466974869
2023-10-24T23:32:39Z,0.0011168029540795008
2023-10-24T23:43:27Z,0.0011736739855092125
2023-10-24T23:53:42Z,0.0011261856735487366
2023-10-25T00:04:24Z,0.0011983246088412135
2023-10-25T00:14:36Z,0.0010861414806003975
2023-10-25T00:25:23Z,0.001244005565851702
2023-10-25T00:35:38Z,0.0012643381877400954
2023-10-25T00:46:25Z,0.0010413797273356171
2023-10-25T00:56:35Z,0.0011918334146939808
2023-10-25T01:07:25Z,0.0008675284352112531
2023-10-25T01:17:39Z,0.0010799714861785068
2023-10-25T01:28:23Z,0.0010187586787031627
2023-10-25T01:38:43Z,0.0010517959141990742
2023-10-25T01:49:26Z,0.0011590710427092556
2023-10-25T01:59:36Z,0.001108185873834717
2023-10-25T02:10:08Z,0.0012141839665788872
2023-10-25T02:20:36Z,0.0011624960409889796
2023-10-25T02:31:28Z,0.0011658831939838454
2023-10-25T02:41:35Z,0.0011450238918811674
2023-10-25T02:52:25Z,0.0009976548378367762
2023-10-25T03:02:41Z,0.0010937961746590563
2023-10-25T03:13:23Z,0.0010863845637762199
2023-10-25T03:23:38Z,0.0009932276673022319
2023-10-25T03:34:27Z,0.0011758893902613324
2023-10-25T03:44:37Z,0.0012963783455387649
2023-10-25T03:55:24Z,0.0011958501094465985
2023-10-25T04:05:42Z,0.0010409753165031873
2023-10-25T04:16:26Z,0.0011824980018308238
2023-10-25T04:26:40Z,0.0011778313870901475
2023-10-25T04:37:24Z,0.001197514574186445
2023-10-25T04:47:34Z,0.0010948837414027945
2023-10-25T04:58:24Z,0.0010205223660167786
2023-10-25T05:08:37Z,0.0009134946874460605
2023-10-25T05:19:16Z,0.0011033234825242972
2023-10-25T05:29:38Z,0.001171010502288283
2023-10-25T05:40:27Z,0.0012008895972823194
2023-10-25T05:50:36Z,0.0011617328277443266
2023-10-25T06:01:28Z,0.0010910029015189042
2023-10-25T06:11:38Z,0.0009485561604859653
2023-10-25T06:22:04Z,0.0010760821553653225
2023-10-25T06:32:36Z,0.0011461854510087515
2023-10-25T06:43:28Z,0.0011708894458963273
2023-10-25T06:53:41Z,0.0009591686091151327
2023-10-25T07:04:24Z,0.0010521801893991825
2023-10-25T07:14:38Z,0.0011955403118263108
2023-10-25T07:25:24Z,0.0010787150712407872
2023-10-25T07:35:39Z,0.0011132792184219698
2023-10-25T07:46:25Z,0.001140407494922325
2023-10-25T07:56:37Z,0.0012329785172749464
2023-10-25T08:07:27Z,0.0012361301076313613
2023-10-25T08:17:43Z,0.00098144031665658
2023-10-25T08:28:27Z,0.0011019285441400757
2023-10-25T08:38:40Z,0.001151137603571731
2023-10-25T08:49:25Z,0.0011124252735328479
2023-10-25T08:59:38Z,0.0012126670014107937
2023-10-25T09:10:27Z,0.0011872820339937458
2023-10-25T09:20:42Z,0.0010596747687911313
2023-10-25T09:31:30Z,0.0012710312234065742
2023-10-25T09:41:40Z,0.0011310301126086497
2023-10-25T09:52:28Z,0.0009643592354923074
2023-10-25T10:02:37Z,0.0012718752217785222
2023-10-25T10:13:26Z,0.001169211395669606
2023-10-25T10:23:39Z,0.001169579416805063
2023-10-25T10:34:23Z,0.0011348675274541434
2023-10-25T10:44:39Z,0.00117662858630598
2023-10-25T10:55:30Z,0.0012244041342746189
2023-10-25T11:05:36Z,0.0012000637937588615
2023-10-25T11:16:24Z,0.0011085730602105805
2023-10-25T11:26:35Z,0.0009889159734061057
2023-10-25T11:37:23Z,0.0009374010201758343
2023-10-25T11:47:41Z,0.0012202719628835856
2023-10-25T11:58:26Z,0.0012037753002528116
2023-10-25T12:08:35Z,0.001145746106067224
2023-10-25T12:19:14Z,0.0012133322050715844
2023-10-25T12:29:40Z,0.0012667712028801544
2023-10-25T12:40:25Z,0.001184699821096069
2023-10-25T12:50:37Z,0.0012443587885103817
2023-10-25T13:01:26Z,0.0011653599101412791
2023-10-25T13:11:35Z,0.0010146662933808305
2023-10-25T13:22:05Z,0.0010898427979791874
2023-10-25T13:32:39Z,0.0010275070044550542
2023-10-25T13:43:28Z,0.0012631152513235993
2023-10-25T13:53:40Z,0.0011390632595158954
2023-10-25T14:04:29Z,0.0011685182932411337
2023-10-25T14:14:46Z,0.0011249358087564772
2023-10-25T14:25:28Z,0.0013088430297441978
2023-10-25T14:35:40Z,0.001114938831202221
2023-10-25T14:46:25Z,0.0012608445342320678
2023-10-25T14:56:40Z,0.0011895879277923566
2023-10-25T15:07:29Z,0.000978905895560938
2023-10-25T15:17:41Z,0.0011229304938549177
2023-10-25T15:28:25Z,0.0012110156369618604
2023-10-25T15:38:38Z,0.0011023509072230185
2023-10-25T15:49:24Z,0.0010363732328251545
2023-10-25T15:59:38Z,0.0010200039341338066
2023-10-25T16:10:24Z,0.0011034059658374471
2023-10-25T16:20:43Z,0.0011914814050251995
2023-10-25T16:31:31Z,0.0011714915740823491
2023-10-25T16:41:42Z,0.001048058449721281
2023-10-25T16:52:25Z,0.0011657005177050114
2023-10-25T17:02:38Z,0.0009503441075975628
2023-10-25T17:13:25Z,0.001101669692095556
2023-10-25T17:23:40Z,0.001233066337743655
2023-10-25T17:34:26Z,0.0013383271752270144
2023-10-25T17:44:38Z,0.0012825342492198246
2023-10-25T17:55:24Z,0.0010341340534710099
2023-10-25T18:05:41Z,0.0012024946255171022
2023-10-25T18:16:27Z,0.0012311895997714226
2023-10-25T18:26:37Z,0.0011226604823033276
2023-10-25T18:37:31Z,0.001300144679176157
2023-10-25T18:47:43Z,0.000990385146772159
2023-10-25T18:58:25Z,0.0011030898606696835
2023-10-25T19:08:42Z,0.0011317923554613842
2023-10-25T19:19:18Z,0.0013007972677419933
2023-10-25T19:29:43Z,0.0012222940170457555
2023-10-25T19:40:23Z,0.0011423121316622444
2023-10-25T19:50:38Z,0.0013117544481005532
2023-10-25T20:01:23Z,0.0011138910505271884
2023-10-25T20:11:34Z,0.0010707748393598289
2023-10-25T20:22:06Z,0.001219939846249153
2023-10-25T20:32:36Z,0.0012289962714354715
2023-10-25T20:43:28Z,0.0011065561006059856
2023-10-25T20:53:39Z,0.0011033196009566193
2023-10-25T21:04:26Z,0.0011548311578151625
2023-10-25T21:14:41Z,0.0010857215434972509
2023-10-25T21:25:23Z,0.001173657731444561
2023-10-25T21:35:40Z,0.0011445879433113473
2023-10-25T21:46:26Z,0.0011295192123900511
2023-10-25T21:56:42Z,0.0011733702528384246
2023-10-25T22:07:27Z,0.0011200608023510966
2023-10-25T22:17:38Z,0.001240777314533641
2023-10-25T22:28:23Z,0.001194359587458311
2023-10-25T22:38:41Z,0.0010936265986711356
2023-10-25T22:49:25Z,0.0010749261759912668
2023-10-25T22:59:34Z,0.0009361528535694318
2023-10-25T23:10:24Z,0.0009360880799088096
2023-10-25T23:20:40Z,0.0011167025185158377
2023-10-25T23:31:25Z,0.0011287652178686345
2023-10-25T23:41:39Z,0.0011632594968316115
2023-10-25T23:52:28Z,0.0010895118943346528
2023-10-26T00:02:34Z,0.001206069549348388
2023-10-26T00:13:27Z,0.001037179628510226
2023-10-26T00:23:37Z,0.0010761073855552307
2023-10-26T00:34:27Z,0.0011343973725691631
2023-10-26T00:44:38Z,0.0011628167555183622
2023-10-26T00:55:26Z,0.0012216826701364981
2023-10-26T01:05:40Z,0.0011280527076017721
2023-10-26T01:16:25Z,0.0011345043582782863
2023-10-26T01:26:34Z,0.0010040708266102541
2023-10-26T01:37:24Z,0.0012107863818708905
2023-10-26T01:47:40Z,0.001171849891298611
2023-10-26T01:58:24Z,0.0011999563228537841
2023-10-26T02:08:35Z,0.0010912544756240218
2023-10-26T02:19:16Z,0.0011580504330079633
2023-10-26T02:29:40Z,0.0011125363834076278
2023-10-26T02:40:23Z,0.001210536020755672
2023-10-26T02:50:37Z,0.0009945643821712867
2023-10-26T03:01:24Z,0.0010376524519729805
2023-10-26T03:11:33Z,0.0012101500473697031
2023-10-26T03:22:03Z,0.0010375420698921463
2023-10-26T03:32:37Z,0.0012121463861460115
2023-10-26T03:43:26Z,0.0011204885025896006
2023-10-26T03:53:36Z,0.0010765821498018228
2023-10-26T04:04:23Z,0.0011214091619231867
2023-10-26T04:14:41Z,0.0011811341159880197
2023-10-26T04:25:27Z,0.001077310671535357
2023-10-26T04:35:37Z,0.001132497345190869
2023-10-26T04:46:26Z,0.0011888416964062982
2023-10-26T04:56:38Z,0.0011684775367805163
2023-10-26T05:07:27Z,0.0010952871818433068
2023-10-26T05:17:39Z,0.0011821457495640553
2023-10-26T05:28:26Z,0.0010416046156629503
2023-10-26T05:38:42Z,0.0011216141572161712
2023-10-26T05:49:25Z,0.001244720987294321
2023-10-26T05:59:40Z,0.0011962567036608491
2023-10-26T06:10:23Z,0.0010376027193871136
2023-10-26T06:20:40Z,0.0011121625399206556
2023-10-26T06:31:23Z,0.0010503762308209077
2023-10-26T06:41:40Z,0.0010894240738659425
2023-10-26T06:52:28Z,0.0012044926624792702
2023-10-26T07:02:41Z,0.0011883822158324322
2023-10-26T07:13:28Z,0.001275562225876501
2023-10-26T07:23:36Z,0.001145684971376297
2023-10-26T07:34:26Z,0.001273345365536502
2023-10-26T07:44:42Z,0.0013082142157803953
2023-10-26T07:55:26Z,0.0011674731811438764
2023-10-26T08:05:42Z,0.0009898936432649566
2023-10-26T08:15:41Z,0.0012113640076609456
2023-10-26T08:26:38Z,0.0011884622731657868
2023-10-26T08:37:27Z,0.0011068950099838593
2023-10-26T08:47:43Z,0.001293743003683502
2023-10-26T08:58:31Z,0.0011017102059581946
2023-10-26T09:08:40Z,0.0011277429099814872
2023-10-26T09:19:17Z,0.0011471121752918364
2023-10-26T09:29:39Z,0.0012058711042008574
2023-10-26T09:40:32Z,0.0009588954437898042
2023-10-26T09:50:52Z,0.0012465166975412789
2023-10-26T10:01:23Z,0.0010459107298055438
2023-10-26T10:11:38Z,0.0010547245570119985
2023-10-26T10:22:04Z,0.001074570284754805
2023-10-26T10:32:37Z,0.0010250140676139672
2023-10-26T10:43:29Z,0.0011613354522533076
2023-10-26T10:53:34Z,0.0011759148630492203
2023-10-26T11:04:23Z,0.0010377834548821083
2023-10-26T11:14:44Z,0.0010324390213857003
2023-10-26T11:25:31Z,0.0011069559020768028
2023-10-26T11:35:33Z,0.0011408383489345648
2023-10-26T11:46:41Z,0.0010940239741621517
2023-10-26T11:56:35Z,0.0010335852968405537
2023-10-26T12:07:34Z,0.0011941371251107786
2023-10-26T12:17:38Z,0.0012667508246498487
2023-10-26T12:28:28Z,0.0012347511807138133
2023-10-26T12:38:37Z,0.001265911435639517
2023-10-26T12:49:25Z,0.0011912385644473522
2023-10-26T12:59:41Z,0.0011249197972898054
2023-10-26T13:10:30Z,0.001113272183080551
2023-10-26T13:20:35Z,0.0011394628183887352
2023-10-26T13:31:34Z,0.0011250270255969037
2023-10-26T13:41:39Z,0.0012350956698452217
2023-10-26T13:52:34Z,0.0012013859527491217
2023-10-26T14:02:41Z,0.0011894719659579815
2023-10-26T14:13:30Z,0.0011763119959422577
2023-10-26T14:23:40Z,0.0011801319437332017
2023-10-26T14:34:27Z,0.0010493801235155861
2023-10-26T14:44:42Z,0.0009852396436192386
2023-10-26T14:55:28Z,0.0009638764655123753
2023-10-26T15:05:40Z,0.0012100578601373564
2023-10-26T15:16:30Z,0.0012100401504848268
2023-10-26T15:26:38Z,0.0010229109857265246
2023-10-26T15:37:24Z,0.0009868965878217129
2023-10-26T15:47:36Z,0.0010399083705877382
2023-10-26T15:58:28Z,0.0010641633166145817
2023-10-26T16:08:40Z,0.001114433499610166
2023-10-26T16:19:15Z,0.0011110465892132798
2023-10-26T16:29:36Z,0.0011659011462343558
2023-10-26T16:40:28Z,0.0011232689180368282
2023-10-26T16:50:39Z,0.0010257898959535703
2023-10-26T17:01:24Z,0.0008925929306969044
2023-10-26T17:11:39Z,0.0010670912316335657
2023-10-26T17:22:07Z,0.000957317586528768
2023-10-26T17:32:35Z,0.0010981411044784306
2023-10-26T17:43:27Z,0.0010574981797157915
2023-10-26T17:53:43Z,0.0010308274430054574
2023-10-26T18:04:26Z,0.0011650217285573495
2023-10-26T18:14:39Z,0.0010041157072365268
2023-10-26T18:25:26Z,0.0010940547841055946
2023-10-26T18:35:39Z,0.0010800066628855862
2023-10-26T18:46:23Z,0.0009541589608309263
2023-10-26T18:56:38Z,0.0009989287198290447
2023-10-26T19:07:26Z,0.0009338316760980949
2023-10-26T19:17:40Z,0.0009225028356343846
2023-10-26T19:28:23Z,0.0010224447124092258
2023-10-26T19:38:38Z,0.001102637900633199
2023-10-26T19:49:29Z,0.0010247641916947049
2023-10-26T19:59:38Z,0.0010706215174365523
2023-10-26T20:10:25Z,0.0011518656401093045
2023-10-26T20:20:34Z,0.0012036828704224795
2023-10-26T20:31:26Z,0.0011387571008653111
2023-10-26T20:41:38Z,0.001132251593437266
2023-10-26T20:52:24Z,0.001017842143535236
2023-10-26T21:02:39Z,0.0011268326823610346
2023-10-26T21:13:23Z,0.0011509233895555073
2023-10-26T21:23:43Z,0.0010451914267952458
2023-10-26T21:34:23Z,0.0011140424316666202
2023-10-26T21:44:35Z,0.0009478596616857729
2023-10-26T21:55:26Z,0.000982539528103349
2023-10-26T22:05:38Z,0.0008836342724964737
2023-10-26T22:16:25Z,0.001139689647499906
2023-10-26T22:26:38Z,0.001094042169010641
2023-10-26T22:37:24Z,0.0010066324186796393
2023-10-26T22:47:36Z,0.0011480939693163542
2023-10-26T22:58:25Z,0.0012128506480815543
2023-10-26T23:08:37Z,0.0011141865348666647
2023-10-26T23:19:14Z,0.0010867647148106725
2023-10-26T23:29:38Z,0.0010495899707681684
2023-10-26T23:40:27Z,0.0010315748873814211
2023-10-26T23:50:36Z,0.0011175477298776856
2023-10-27T00:01:24Z,0.001110661343621252
2023-10-27T00:11:34Z,0.0010320030728158801
2023-10-27T00:22:04Z,0.0013245924905969952
2023-10-27T00:32:40Z,0.001300706778695507
2023-10-27T00:43:28Z,0.0010431242494088246
2023-10-27T00:53:35Z,0.0010761932652401007
2023-10-27T01:04:23Z,0.001087240206851204
2023-10-27T01:14:35Z,0.0012253359531152754
2023-10-27T01:25:27Z,0.0011260076066315161
2023-10-27T01:35:38Z,0.001147932156463778
2023-10-27T01:46:28Z,0.0010659265187322388
2023-10-27T01:56:35Z,0.0009465020833904527
2023-10-27T02:07:25Z,0.0012177174061556132
2023-10-27T02:17:37Z,0.0010049073044448237
2023-10-27T02:28:26Z,0.0011597626895498484
2023-10-27T02:38:40Z,0.0009910464688652684
2023-10-27T02:49:25Z,0.0012434068340373965
2023-10-27T02:59:37Z,0.001268534647595794
2023-10-27T03:10:28Z,0.001167095698687208
2023-10-27T03:20:33Z,0.00109791039379958
2023-10-27T03:31:29Z,0.0011005576229558608
2023-10-27T03:41:39Z,0.0011004831453760417
2023-10-27T03:52:27Z,0.0012108196177941307
2023-10-27T04:02:34Z,0.0011840375286110403
2023-10-27T04:13:25Z,0.001038052010845816
2023-10-27T04:23:33Z,0.0012975081243309923
2023-10-27T04:34:25Z,0.001107750167862882
2023-10-27T04:44:39Z,0.0010825408413832557
2023-10-27T04:55:27Z,0.0012541427650383159
2023-10-27T05:05:36Z,0.0012347926649683705
2023-10-27T05:16:24Z,0.001070313660600105
2023-10-27T05:26:33Z,0.0010265916822770236
2023-10-27T05:37:27Z,0.0009811967482847971
2023-10-27T05:47:36Z,0.0011012189450489685
2023-10-27T05:58:24Z,0.0011669743996972754
2023-10-27T06:08:39Z,0.0012483876131619879
2023-10-27T06:19:18Z,0.0011342799551469108
2023-10-27T06:29:44Z,0.0011173364270372235
2023-10-27T06:40:26Z,0.0010683689951935138
2023-10-27T06:50:38Z,0.001022818313298211
2023-10-27T07:01:26Z,0.0012332572623538088
2023-10-27T07:11:35Z,0.0012852185958670257
2023-10-27T07:22:06Z,0.0010974991902237086
2023-10-27T07:32:36Z,0.0011399645110110933
2023-10-27T07:43:25Z,0.0011707727562680127
2023-10-27T07:53:37Z,0.0011055556265370256
2023-10-27T08:04:27Z,0.0011337566713043444
2023-10-27T08:14:34Z,0.0011843291313828352
2023-10-27T08:25:28Z,0.0011426954364704273
2023-10-27T08:35:36Z,0.00118992247040659
2023-10-27T08:46:26Z,0.00098377823338853
2023-10-27T08:56:38Z,0.0010370947192172744
2023-10-27T09:07:25Z,0.0011185324350779537
2023-10-27T09:17:40Z,0.0010306925585286536
2023-10-27T09:28:23Z,0.001187486058894812
2023-10-27T09:38:36Z,0.0011405765857142908
2023-10-27T09:49:24Z,0.0011142542197030464
2023-10-27T09:59:39Z,0.0011164856359218355
2023-10-27T10:10:23Z,0.0010056096255965314
2023-10-27T10:20:39Z,0.001048396388707238
2023-10-27T10:31:24Z,0.0011891820613720444
2023-10-27T10:41:37Z,0.0012214946567021046
2023-10-27T10:52:24Z,0.001034280825248827
2023-10-27T11:02:35Z,0.0012719315045098512
2023-10-27T11:13:29Z,0.0010316056973248631
2023-10-27T11:23:39Z,0.0009229031223011613
2023-10-27T11:34:24Z,0.0008705579987837974
2023-10-27T11:44:33Z,0.001145287838483258
2023-10-27T11:55:24Z,0.0010056974460652462
2023-10-27T12:05:39Z,0.0010621555757332258
2023-10-27T12:16:25Z,0.0012056915816957546
2023-10-27T12:26:35Z,0.0010000572856313777
2023-10-27T12:37:27Z,0.0011924855180638575
2023-10-27T12:47:41Z,0.001159307818337603
2023-10-27T12:58:29Z,0.00106592166677264
2023-10-27T13:08:39Z,0.0010334035909536372
2023-10-27T13:19:15Z,0.0011271740177187053
2023-10-27T13:29:39Z,0.0011382665677500234
2023-10-27T13:40:29Z,0.00103554087915624
2023-10-27T13:50:36Z,0.0010990013569150347
2023-10-27T14:01:29Z,0.0012581992458596284
2023-10-27T14:11:39Z,0.0011945556066260445
2023-10-27T14:22:04Z,0.001163181622880077
2023-10-27T14:32:36Z,0.0012698876165294943
2023-10-27T14:43:28Z,0.0011373558549336112
2023-10-27T14:53:40Z,0.001065090040897662
2023-10-27T15:04:27Z,0.0010956598123403774
2023-10-27T15:14:39Z,0.00105774296107747
2023-10-27T15:25:25Z,0.0010824930495812173
2023-10-27T15:35:40Z,0.0009328270778634746
2023-10-27T15:46:25Z,0.0009894273699476595
2023-10-27T15:56:39Z,0.0009313125386751799
2023-10-27T16:07:27Z,0.0010416548334447843
2023-10-27T16:17:36Z,0.0011263896984498017
2023-10-27T16:28:26Z,0.0010718934586449813
2023-10-27T16:38:35Z,0.0012041600606488723
2023-10-27T16:49:27Z,0.0012008934788499954
2023-10-27T16:59:37Z,0.0011272358802035707
2023-10-27T17:10:27Z,0.0011268838705347866
2023-10-27T17:20:39Z,0.000996568969278905
2023-10-27T17:31:28Z,0.0010492765341781837
2023-10-27T17:41:36Z,0.001094811932400746
2023-10-27T17:52:27Z,0.0010920150202908933
2023-10-27T18:02:34Z,0.0012009470930035447
2023-10-27T18:13:29Z,0.0011095715934957074
2023-10-27T18:23:36Z,0.0011103697408494555
2023-10-27T18:34:27Z,0.0011167027611138157
2023-10-27T18:44:41Z,0.0011031284337484858
2023-10-27T18:55:24Z,0.001174223712531587
2023-10-27T19:05:36Z,0.0011329155841081498
2023-10-27T19:16:23Z,0.0011391423464573315
2023-10-27T19:26:33Z,0.0010902974265934527
2023-10-27T19:37:24Z,0.0011195430982620686
2023-10-27T19:47:34Z,0.0011641517722015531
2023-10-27T19:58:27Z,0.0011500061265936438
2023-10-27T20:08:33Z,0.0010127509823298015
2023-10-27T20:19:17Z,0.001281683700702419
2023-10-27T20:29:34Z,0.001188607831953704
2023-10-27T20:40:25Z,0.0011250156234918483
2023-10-27T20:50:39Z,0.0011959005698264085
2023-10-27T21:01:24Z,0.0010275999194813384
2023-10-27T21:11:34Z,0.0010945011643885482
2023-10-27T21:22:05Z,0.0011932385421933559
2023-10-27T21:32:33Z,0.0009785570396658968
2023-10-27T21:43:27Z,0.000999043226075542
2023-10-27T21:53:35Z,0.0010397829474321524
2023-10-27T22:04:25Z,0.0010007894463346018
2023-10-27T22:14:33Z,0.0012906726836503348
2023-10-27T22:25:25Z,0.001123113897927693
2023-10-27T22:35:33Z,0.0011958180865132557
2023-10-27T22:46:26Z,0.001143832978398007
2023-10-27T22:56:36Z,0.0011525405476892877
2023-10-27T23:07:24Z,0.001204701781937906
2023-10-27T23:17:34Z,0.0011414521218236229
2023-10-27T23:28:26Z,0.0012003461778074254
2023-10-27T23:38:34Z,0.0010456591557004263
2023-10-27T23:49:23Z,0.0011070575506303658
2023-10-27T23:59:33Z,0.0012342269264793296
2023-10-28T00:10:27Z,0.0011853232979043213
2023-10-28T00:20:36Z,0.0010957131838959485
2023-10-28T00:31:26Z,0.0009556841743303387
2023-10-28T00:41:33Z,0.0011566089158116107
2023-10-28T00:52:24Z,0.0010545588625917519
2023-10-28T01:02:36Z,0.00122266591974889
2023-10-28T01:13:23Z,0.0011567806751813545
2023-10-28T01:23:33Z,0.0010825801422559927
2023-10-28T01:34:27Z,0.0010695914464140493
2023-10-28T01:44:34Z,0.00114183469883787
2023-10-28T01:55:23Z,0.001037362062191083
2023-10-28T02:05:34Z,0.0011289219361636264
2023-10-28T02:16:24Z,0.0010821332767770812
2023-10-28T02:26:30Z,0.0012413694962024953
2023-10-28T02:36:34Z,0.0010648180885622389
2023-10-28T02:47:34Z,0.0012010438895975132
2023-10-28T02:58:23Z,0.0011804106888120695
2023-10-28T03:08:34Z,0.0009906260465661685
2023-10-28T03:19:14Z,0.0010882215156797575
2023-10-28T03:29:33Z,0.0010468796661371235
2023-10-28T03:40:24Z,0.0011093855208451435
2023-10-28T03:50:37Z,0.0012224837286660102
2023-10-28T04:01:28Z,0.0011767714765161246
2023-10-28T04:11:33Z,0.0011837362219200495
2023-10-28T04:22:07Z,0.0010439012907383302
2023-10-28T04:32:38Z,0.001051915272405173
2023-10-28T04:43:24Z,0.0012247166004726816
2023-10-28T04:53:33Z,0.0011033831616273433
2023-10-28T05:04:27Z,0.0011737305108385232
2023-10-28T05:14:37Z,0.0011073115507152832
2023-10-28T05:25:08Z,0.0011825695682348807
2023-10-28T05:35:35Z,0.0011030605063141196
2023-10-28T05:46:27Z,0.0011213327435595291
2023-10-28T05:56:33Z,0.001009013517852011
2023-10-28T06:07:25Z,0.0010713823047014074
2023-10-28T06:17:35Z,0.0011140936198403776
2023-10-28T06:28:28Z,0.0011707535910276043
2023-10-28T06:38:33Z,0.0011008751837115022
2023-10-28T06:49:27Z,0.0009951087720381027
2023-10-28T06:59:40Z,0.0012293029152820197
2023-10-28T07:10:23Z,0.0010705135613355136
2023-10-28T07:20:34Z,0.0012172625349433663
2023-10-28T07:31:23Z,0.0011597842807700603
2023-10-28T07:41:33Z,0.000951900858834353
2023-10-28T07:52:28Z,0.0010938801135600951
2023-10-28T08:02:35Z,0.0011424004373269134
2023-10-28T08:13:27Z,0.0010116085884426195
2023-10-28T08:23:33Z,0.0011089228864975481
2023-10-28T08:34:24Z,0.0010835912906360652
2023-10-28T08:44:33Z,0.001133658419122499
2023-10-28T08:55:29Z,0.0010967337935972382
2023-10-28T09:05:34Z,0.0011194472720600236
2023-10-28T09:16:26Z,0.0010099470348785317
2023-10-28T09:26:39Z,0.0010863195475176205
2023-10-28T09:37:26Z,0.0010242612860824514
2023-10-28T09:47:36Z,0.0009899525945740615
2023-10-28T09:58:23Z,0.0010537007935369723
2023-10-28T10:08:34Z,0.0010283456656714454
2023-10-28T10:19:13Z,0.0011651968842988113
2023-10-28T10:29:35Z,0.0012033359553112741
2023-10-28T10:40:28Z,0.0009663863842120559
2023-10-28T10:50:38Z,0.001094427172004687
2023-10-28T11:01:25Z,0.0010315860468884932
2023-10-28T11:11:43Z,0.0010688575875249604
2023-10-28T11:22:05Z,0.0012149297127689968
2023-10-28T11:32:35Z,0.0011553699679284427
2023-10-28T11:43:27Z,0.0009650188593995636
2023-10-28T11:53:37Z,0.0011144339848061218
2023-10-28T12:04:24Z,0.0010605750498944046
2023-10-28T12:14:35Z,0.0011069044713050763
2023-10-28T12:25:29Z,0.001116033433287369
2023-10-28T12:35:36Z,0.0009209948465915484
2023-10-28T12:46:31Z,0.0011086996963560725
2023-10-28T12:56:38Z,0.0011278678479411163
2023-10-28T13:07:26Z,0.0011058911395431818
2023-10-28T13:17:40Z,0.0011969534450590204
2023-10-28T13:28:24Z,0.0011532222480127045
2023-10-28T13:38:35Z,0.0009278319854580664
2023-10-28T13:49:25Z,0.001248636276091352
2023-10-28T13:59:34Z,0.0011007012409599386
2023-10-28T14:10:27Z,0.0011598536637922978
2023-10-28T14:20:38Z,0.0011392978517624245
2023-10-28T14:31:29Z,0.001217033765048357
2023-10-28T14:41:41Z,0.0011873446242725498
2023-10-28T14:52:26Z,0.0011611653910694236
2023-10-28T15:02:40Z,0.0011854841403649752
2023-10-28T15:13:25Z,0.0011104726023929176
2023-10-28T15:23:40Z,0.001174734866475162
2023-10-28T15:34:27Z,0.0011543859905221142
2023-10-28T15:44:42Z,0.001137946095818618
2023-10-28T15:55:26Z,0.0011058232121088185
2023-10-28T16:05:39Z,0.0010415713797397113
2023-10-28T16:16:26Z,0.0012644318305603229
2023-10-28T16:26:35Z,0.001104879748565126
2023-10-28T16:37:25Z,0.0009018960780287443
2023-10-28T16:47:37Z,0.0011633856477811404
2023-10-28T16:58:25Z,0.0011563085795125393
2023-10-28T17:08:34Z,0.0010882586331706753
2023-10-28T17:19:14Z,0.001141948234692446
2023-10-28T17:29:38Z,0.001119690355235848
2023-10-28T17:40:24Z,0.0011558585602598913
2023-10-28T17:50:38Z,0.001029217562811075
2023-10-28T18:01:27Z,0.0008197504612628215
2023-10-28T18:11:38Z,0.0011905888870572781
2023-10-28T18:22:08Z,0.0008562837762465594
2023-10-28T18:32:43Z,0.0010447380111708823
2023-10-28T18:43:27Z,0.0010528871199125068
2023-10-28T18:53:38Z,0.0010081937792780485
2023-10-28T19:04:28Z,0.001040187115666606
2023-10-28T19:14:36Z,0.000978642919350766
2023-10-28T19:25:25Z,0.0009481828021949536
2023-10-28T19:35:36Z,0.001163041158649735
2023-10-28T19:46:26Z,0.0011089767432490754
2023-10-28T19:56:41Z,0.0011464282915866005
2023-10-28T20:07:24Z,0.0010231569800781073
2023-10-28T20:17:36Z,0.0011253562310555806
2023-10-28T20:28:28Z,0.0010621116654988708
2023-10-28T20:38:38Z,0.0009661382064786583
2023-10-28T20:49:26Z,0.0010614588343350582
2023-10-28T20:59:36Z,0.0011187209337083087
2023-10-28T21:10:26Z,0.0010168011556036353
2023-10-28T21:20:34Z,0.0008879003579723862
2023-10-28T21:31:23Z,0.0010039589889415358
2023-10-28T21:41:33Z,0.0009903254676691163
2023-10-28T21:52:26Z,0.0010493650824408343
2023-10-28T22:02:35Z,0.0010940149980369015
2023-10-28T22:13:28Z,0.001138952392239096
2023-10-28T22:23:37Z,0.0009536177247378524
2023-10-28T22:34:25Z,0.0010459221319106028
2023-10-28T22:44:39Z,0.0009872321008278645
2023-10-28T22:55:23Z,0.0010611012449127386
2023-10-28T23:05:33Z,0.0010455320343589834
2023-10-28T23:16:27Z,0.0009305136635274852
2023-10-28T23:26:36Z,0.0009202022789913305
2023-10-28T23:37:25Z,0.0010392999348542396
2023-10-28T23:47:33Z,0.0009816928611536204
2023-10-28T23:58:24Z,0.000991963489229161
2023-10-29T00:08:41Z,0.0010493781827317485
2023-10-29T00:19:13Z,0.0009875964829936144
2023-10-29T00:29:33Z,0.000889710138902171
2023-10-29T00:40:26Z,0.0009565977983225114
2023-10-29T00:50:39Z,0.0011301652508104337
2023-10-29T01:01:26Z,0.0010918022618625542
2023-10-29T01:11:33Z,0.0012080338651913464
2023-10-29T01:22:03Z,0.0008970339293163025
2023-10-29T01:32:35Z,0.001172288993642166
2023-10-29T01:43:23Z,0.0011230728988690965
2023-10-29T01:53:33Z,0.0011492695991267734
2023-10-29T02:04:27Z,0.001003519158804043
2023-10-29T02:14:36Z,0.001042383840374278
2023-10-29T02:25:23Z,0.001018233696674736
2023-10-29T02:35:40Z,0.0010852378031254069
2023-10-29T02:46:23Z,0.0012784045038085957
2023-10-29T02:56:33Z,0.0010245919471290016
2023-10-29T03:07:27Z,0.0010869180367339463
2023-10-29T03:17:38Z,0.0009263834329202967
2023-10-29T03:28:24Z,0.0011818614247316574
2023-10-29T03:38:34Z,0.0009748103564648692
2023-10-29T03:49:26Z,0.0011201447412521309
2023-10-29T03:59:33Z,0.0012304191085873717
2023-10-29T04:10:28Z,0.000890155306195222
2023-10-29T04:20:33Z,0.0011047113855670997
2023-10-29T04:31:26Z,0.0009561201229001562
2023-10-29T04:41:34Z,0.0010776634089980786
2023-10-29T04:52:24Z,0.0011357910979634882
2023-10-29T05:02:34Z,0.0011097203060573585
2023-10-29T05:13:24Z,0.000996812537650687
2023-10-29T05:23:34Z,0.0009632440125788739
2023-10-29T05:34:28Z,0.0010714145702327344
2023-10-29T05:44:37Z,0.0010280460571663096
2023-10-29T05:55:23Z,0.0011337957295791009
2023-10-29T06:05:36Z,0.0010881021574736596
2023-10-29T06:16:26Z,0.001041145135089087
2023-10-29T06:26:34Z,0.0011599805425357654
2023-10-29T06:37:26Z,0.0010308315671711122
2023-10-29T06:47:36Z,0.0009823439941315797
2023-10-29T06:57:35Z,0.0009266308828597521
2023-10-29T07:08:33Z,0.0010563315260306225
2023-10-29T07:19:14Z,0.0010464767108925698
2023-10-29T07:29:34Z,0.001078756555495346
2023-10-29T07:40:26Z,0.0010023335824764447
2023-10-29T07:50:33Z,0.001145939699255153
2023-10-29T08:01:27Z,0.001090470398953099
2023-10-29T08:11:35Z,0.0011244084007482479
2023-10-29T08:22:07Z,0.0011104262661787653
2023-10-29T08:32:39Z,0.001058033350859371
2023-10-29T08:43:27Z,0.001158209819880735
2023-10-29T08:53:36Z,0.0009100398496148148
2023-10-29T09:04:27Z,0.0011216978535192239
2023-10-29T09:14:42Z,0.0011695573403888914
2023-10-29T09:25:24Z,0.0012095433098220677
2023-10-29T09:35:36Z,0.0011313942521764223
2023-10-29T09:46:26Z,0.001094619552202719
2023-10-29T09:56:40Z,0.0009703860971060797
2023-10-29T10:07:26Z,0.001070194787589973
2023-10-29T10:17:39Z,0.0009849499816312831
2023-10-29T10:28:28Z,0.0011296497301032185
2023-10-29T10:38:37Z,0.0010718172828793064
2023-10-29T10:49:23Z,0.0008969662444799181
2023-10-29T10:59:33Z,0.0010923553852566486
2023-10-29T11:10:25Z,0.0011164752042087064
2023-10-29T11:20:42Z,0.0012383894226178417
2023-10-29T11:31:26Z,0.001065324875742172
2023-10-29T11:41:36Z,0.001099621437351566
2023-10-29T11:52:28Z,0.0010629571194586986
2023-10-29T12:02:43Z,0.00105147010511212
2023-10-29T12:13:25Z,0.0010545486734765972
2023-10-29T12:23:37Z,0.0009627850172009701
2023-10-29T12:34:25Z,0.0011108568775930225
2023-10-29T12:44:36Z,0.0010895036460033412
2023-10-29T12:55:25Z,0.0010421111602449099
2023-10-29T13:05:33Z,0.0009588180550342293
2023-10-29T13:16:27Z,0.0011492793030459711
2023-10-29T13:26:37Z,0.0010733604486292238
2023-10-29T13:37:26Z,0.0009623092825624579
2023-10-29T13:47:33Z,0.0010112949092546568
2023-10-29T13:58:25Z,0.0009294491435918441
2023-10-29T14:08:39Z,0.0010087469026721402
2023-10-29T14:19:13Z,0.0010346748043681322
2023-10-29T14:29:41Z,0.0011061589677129492
2023-10-29T14:40:31Z,0.0010078213913789615
2023-10-29T14:50:40Z,0.0018405333775099665
2023-10-29T15:01:24Z,0.003649090885685933
2023-10-29T15:11:35Z,0.004172432951768608
2023-10-29T15:22:09Z,0.0009681153800145493
2023-10-29T15:32:37Z,0.0009525316135820031
2023-10-29T15:43:27Z,0.0009850111163222065
2023-10-29T15:53:38Z,0.0010849144200182472
2023-10-29T16:04:26Z,0.0010827802855893783
2023-10-29T16:14:34Z,0.0008915094881188284
2023-10-29T16:25:30Z,0.0010356483500613238
2023-10-29T16:35:35Z,0.0009718807432600283
2023-10-29T16:46:26Z,0.000995619925981675
2023-10-29T16:56:35Z,0.0010665863852374665
2023-10-29T17:07:24Z,0.000968421538665138
2023-10-29T17:17:35Z,0.0009090743096549506
2023-10-29T17:28:27Z,0.006355706571849181
2023-10-29T17:38:36Z,0.005584519131597646
2023-10-29T17:49:24Z,0.0056546398942956275
2023-10-29T17:59:36Z,0.006350859221613518
2023-10-29T18:10:25Z,0.005424091756091095
2023-10-29T18:20:34Z,0.00507870258617835
2023-10-29T18:31:30Z,0.004647801995127041
2023-10-29T18:41:34Z,0.004954106204503833
2023-10-29T18:52:26Z,0.005645858332620497
2023-10-29T19:02:35Z,0.004485546643842211
2023-10-29T19:13:23Z,0.0012194235977480003
2023-10-29T19:23:39Z,0.03606809284348708
2023-10-29T19:34:23Z,0.03611077795804413
2023-10-29T19:44:39Z,0.035912992919618324
2023-10-29T19:55:24Z,0.036157578747329736
2023-10-29T20:05:33Z,0.03613253438747639
2023-10-29T20:16:28Z,0.03618818709185129
2023-10-29T20:26:33Z,0.035803031746275055
2023-10-29T20:37:26Z,0.03551397819405045
2023-10-29T20:47:36Z,0.03551290469798957
2023-10-29T20:58:24Z,0.03570486059215523
2023-10-29T21:08:34Z,0.03579845537798291
2023-10-29T21:19:14Z,0.035070226702809765
2023-10-29T21:29:38Z,0.03589492422207799
2023-10-29T21:40:27Z,0.03574159623385417
2023-10-29T21:50:34Z,0.0367269363130371
2023-10-29T22:01:27Z,0.03602882181030048
